hash,AMSAT,AMSAT_RGC,BreakID-Kissat,CaDiCaL,Cadical_ESA,IsaSAT,Kissat_MAB-DC,Kissat_MAB_Binary,Kissat_MAB_ESA,SBVA-scavel-01-sbva_cadical,SBVA-scavel-02-sbva_cadical,cadical-scavel-01,cadical-scavel-02,hCaD-bva,hCaD-pbva,hKis-bva,hKis-pbva,interleave-121,interleave-f,interleave-tf,kissat-sc2024
00d1fe07ab948b348bb3fb423b1ef40d,10000.0,10000.0,10000.0,10000.0,10000.0,10000.0,10000.0,10000.0,10000.0,10000.0,10000.0,10000.0,10000.0,10000.0,10000.0,10000.0,10000.0,10000.0,10000.0,10000.0,10000.0
02066c116dbacc40ec5cca2067db26c0,34.6687,35.5782,6.33859,10.1343,10.4717,3094.05,9.40896,11.3579,11.2873,11.7236,13.7255,16.2175,11.1299,11.1061,18.2187,10.8601,8.52669,10.0778,10.0842,9.01852,14.409
0265448c232e3a25aa5bcd29b1b14567,558.421,567.96,1169.04,824.718,671.214,10000.0,1237.72,1414.81,1263.63,579.114,645.649,787.714,765.656,444.922,487.545,700.285,2228.19,926.247,867.617,864.328,275.708
02e4f23ed59566d343b605dc2cc30a01,10000.0,10000.0,10000.0,10000.0,10000.0,10000.0,10000.0,10000.0,10000.0,10000.0,10000.0,10000.0,10000.0,10000.0,10000.0,10000.0,10000.0,10000.0,10000.0,10000.0,10000.0
02f6ca52f1ada872d82035088701b66a,699.432,681.377,2617.54,10000.0,10000.0,61.2867,971.981,1818.62,929.506,1521.81,1569.8,1098.32,1147.83,709.044,2413.75,888.747,718.54,10000.0,2347.01,2355.16,145.143
04ded94454830d4ea960327e8b91f5a3,76.7072,77.1093,820.359,42.8164,1074.9,10000.0,1319.23,1185.5,98.6444,577.674,707.976,122.253,820.957,185.666,625.0,111.128,231.453,296.676,221.287,123.637,627.157
04e219c640ed59dc68ea2d50493de5b5,72.7297,69.584,24.7335,71.2814,66.5328,10000.0,68.6016,21.0339,122.9,556.128,373.445,56.5114,86.2795,10000.0,3518.15,49.7503,10000.0,12.6333,12.9417,272.46,143.43
05c8e94aaee86390eaf6e68dd3ec3570,52.6898,63.8184,264.232,1884.89,10000.0,10000.0,3561.25,10000.0,10000.0,10000.0,10000.0,10000.0,10000.0,10000.0,10000.0,726.425,10000.0,396.759,10000.0,1497.21,667.004
05ed64e4e6229f446082752936768489,461.888,464.252,263.028,325.479,350.08,1947.73,562.204,553.227,550.117,449.913,411.703,382.397,447.285,353.649,270.517,262.359,1260.76,387.524,435.19,342.08,238.451
07b476c83150d3cb7e08f5d045e255ab,10000.0,10000.0,0.497382,10000.0,10000.0,10000.0,10000.0,10000.0,10000.0,10000.0,10000.0,10000.0,10000.0,10000.0,10000.0,10000.0,10000.0,10000.0,10000.0,10000.0,10000.0
07c50b89d97a55b6e1629999a445a2ba,1429.68,1495.64,2086.75,1701.79,1936.03,10000.0,1765.02,1867.3,2255.86,2781.37,2917.46,3012.72,3784.88,1944.73,2396.21,1982.39,10000.0,1792.99,1945.46,1605.57,1553.06
07e6413459f92b613498a719125b6239,82.2292,85.8816,45.84,51.1786,59.0886,275.209,80.0184,80.3664,80.5547,68.7525,76.8737,80.5202,67.8541,49.4919,54.7059,48.7437,80.8799,75.9351,75.86,54.7947,49.4081
0876c518e5653369e20fb1ee0bb8db40,120.687,148.879,151.767,55.2684,208.214,253.065,391.853,132.052,55.2345,11.3199,230.231,33.0604,33.0229,66.5838,41.1682,74.4598,57.7884,94.9033,95.2494,104.65,87.6201
089f909e37b3ef0c4d90687f7e22b68f,229.797,232.857,114.663,0.010326,0.009418,10000.0,10000.0,10000.0,10000.0,0.090536,0.114686,0.011732,0.011031,0.095556,0.089805,10000.0,10000.0,0.028505,0.027413,0.027875,0.006258
08be288536c3178e6874a5676493923c,10000.0,10000.0,10000.0,10000.0,10000.0,10000.0,10000.0,10000.0,10000.0,10000.0,10000.0,10000.0,10000.0,10000.0,10000.0,10000.0,10000.0,10000.0,10000.0,10000.0,10000.0
08ccc34df5d8eb9e9d45278af3dc093d,10000.0,10000.0,11.916,0.00957,0.008568,10000.0,10000.0,10000.0,10000.0,0.087706,0.086838,0.010126,0.010171,0.085206,0.086547,10000.0,10000.0,0.027065,0.026597,0.025284,0.005776
093fa3ff9f7bc9979c43f9d2310ac21d,1916.63,1695.14,3828.22,519.235,532.178,186.9,1657.55,2603.39,2741.55,10000.0,3792.23,4435.94,3300.34,950.342,649.787,2640.71,10000.0,944.611,933.134,934.771,495.115
096e485489025895cdc59887baafa08b,4110.13,10000.0,10000.0,10000.0,10000.0,10000.0,10000.0,10000.0,10000.0,10000.0,10000.0,10000.0,10000.0,10000.0,10000.0,10000.0,10000.0,10000.0,10000.0,10000.0,10000.0
09b61bbf19748094a7d896aac314ab36,754.522,852.03,2961.97,10000.0,1645.06,10000.0,2129.42,10000.0,457.23,10000.0,1034.04,10000.0,4335.9,69.6919,10000.0,1569.32,10000.0,10000.0,10000.0,10000.0,471.81
09c1b79b1cfe3522364fe60aef780703,90.1436,82.6897,232.891,2866.51,464.303,3552.28,3438.35,240.175,1162.46,10000.0,495.884,10000.0,3340.7,533.111,78.7426,178.164,1819.94,437.009,2974.65,2978.87,238.411
09d7add3bf3b75c5d1023a92e752989a,1.05721,1.05801,0.012951,0.010491,0.010231,0.011293,0.01416,0.012992,0.013009,0.079221,0.077613,0.014526,0.015364,0.072274,0.077829,0.071447,0.070847,0.017984,0.017878,0.01792,0.03062
0a02751cacf5e1cdfcc842a7f220199f,10000.0,10000.0,10000.0,10000.0,10000.0,10000.0,10000.0,10000.0,10000.0,10000.0,10000.0,10000.0,10000.0,10000.0,10000.0,10000.0,10000.0,10000.0,10000.0,10000.0,0.293193
0a27eb7c16c1e69ff4d087d217ac89cb,10.2941,11.6992,3501.83,10000.0,1731.54,10000.0,10000.0,10000.0,10000.0,10000.0,2315.68,10000.0,2191.75,10000.0,10000.0,1133.51,10000.0,3189.97,10000.0,10000.0,1199.37
0ac5ff376b826f68d384ba05a1d00de0,10000.0,10000.0,10000.0,10000.0,10000.0,10000.0,10000.0,10000.0,10000.0,10000.0,10000.0,10000.0,10000.0,10000.0,10000.0,10000.0,10000.0,10000.0,10000.0,10000.0,10000.0
0ac6aaf6db6a0e4ec3a06e865d01086f,402.507,406.685,615.382,216.008,204.35,10000.0,373.077,435.377,511.728,260.671,243.12,292.288,264.614,205.689,188.161,649.054,1684.3,228.026,224.545,198.01,171.534
0bad2ce307bf5b68db26fa34e252c9d4,440.412,451.516,2082.84,661.232,982.131,10000.0,814.534,1404.53,180.0,466.511,689.342,753.76,806.121,447.776,532.097,1624.54,3583.87,1359.78,1442.69,588.186,1432.04
0cace8a29a1d6b225a8da561d35e8f5a,346.367,356.547,1171.65,115.92,116.007,98.3985,64.7163,63.2959,63.6837,521.509,521.218,118.852,118.662,517.885,520.826,487.986,515.794,482.738,484.523,519.153,85.0677
0cfe9c90d3a51435a5e4dba7634b882f,10000.0,10000.0,4468.45,1.15243,1.14802,1196.79,1880.05,1177.7,10000.0,13.1664,12.1919,1.22938,1.22385,12.4511,12.2415,3404.31,10000.0,3.78833,3.83409,3.84179,0.69204
0d3160b80aa406bfc718c007265b9e73,1945.43,1898.79,2112.62,832.03,1052.38,56.8664,390.153,1060.67,1163.36,1582.42,1527.61,751.656,755.661,565.013,1320.87,912.097,1044.99,1639.42,1631.22,1626.07,175.216
0d3fcbb89bfb8e821058ba3ea4284de1,84.8232,84.0724,128.355,130.682,2873.43,185.788,301.698,150.302,346.875,842.975,731.305,147.512,211.144,3806.07,10000.0,64.3739,10000.0,2769.98,2786.49,830.926,404.403
0d81711a3d73c828e8c6e12607eda82d,0.517066,0.519701,39.9266,198.132,124.51,10000.0,10000.0,1173.35,101.061,317.269,99.0966,48.0312,358.11,10000.0,10000.0,47.6098,10000.0,187.182,182.054,73.4505,147.001
0e5ffe8651c6d9c3cccc3f6cb72be39a,357.96,511.977,370.476,395.219,421.11,1890.44,408.433,514.059,439.172,387.871,821.621,1060.45,681.515,654.14,979.33,275.01,572.134,612.866,782.175,692.291,477.304
0ef029cb7616d4a89eb6d1f63e89f67e,10000.0,10000.0,26.1291,10000.0,10000.0,10000.0,10000.0,10000.0,10000.0,6.39267,10.4152,10000.0,10000.0,4.6716,3.87681,5.41581,5.10503,10000.0,10000.0,10000.0,4.91693
0f262afd5b117000f8b4734d175aadab,1078.64,1042.58,1872.13,1230.1,1420.39,74.7296,251.004,268.691,282.12,1276.99,1356.71,861.374,931.315,901.567,2077.26,2090.3,794.653,1429.38,1433.41,1425.27,183.864
0fa8623240b5c14c1308f863a6dc88ab,10000.0,10000.0,10000.0,10000.0,10000.0,10000.0,10000.0,10000.0,10000.0,10000.0,10000.0,10000.0,10000.0,10000.0,10000.0,10000.0,10000.0,10000.0,10000.0,10000.0,10000.0
0fa9521ff633b27be11525a7b0f7d8b6,9.97994,10.1337,457.262,163.558,644.005,3378.34,259.336,51.8475,107.728,204.135,139.549,186.355,25.5359,142.078,783.871,116.401,10000.0,148.108,743.634,789.792,11.0645
1009c791cee542cdf19651fe25e6881a,12.7419,9.48072,1499.95,15.506,33.4631,42.7003,23.2177,22.7344,17.9008,22.2461,20.7914,42.348,25.8441,19.9199,47.4088,22.6813,65.4686,15.5917,15.6138,15.828,13.5705
1156429862d3c03160406d6d1a786f11,10000.0,10000.0,188.324,10000.0,10000.0,10000.0,10000.0,10000.0,10000.0,10000.0,10000.0,10000.0,10000.0,10000.0,10000.0,10000.0,10000.0,10000.0,10000.0,10000.0,10000.0
1165e12b6addad01b491c4616306186c,10000.0,10000.0,10000.0,10000.0,10000.0,10000.0,10000.0,10000.0,10000.0,10000.0,10000.0,10000.0,10000.0,10000.0,10000.0,10000.0,10000.0,10000.0,10000.0,10000.0,10000.0
11cc532ecddfb10a47e0a869b4867c1b,3314.63,3370.38,10000.0,10000.0,10000.0,10000.0,10000.0,10000.0,4611.23,10000.0,10000.0,10000.0,10000.0,10000.0,10000.0,10000.0,10000.0,10000.0,10000.0,10000.0,10000.0
12b4a08e412a3bffb513ca65639c7c69,10000.0,10000.0,247.039,4733.21,300.93,10000.0,901.313,736.966,825.059,988.906,3417.72,735.647,3594.56,10000.0,10000.0,208.979,10000.0,2313.39,510.104,337.761,319.773
13ae2628d8e113db1786dba41a65fe38,595.975,617.176,323.703,423.599,18.7927,174.806,141.824,115.275,203.713,433.483,68.3302,835.823,125.627,415.421,374.737,246.24,1148.03,264.107,595.086,570.863,55.8018
1427381a809c64c721838894ece6756d,163.263,160.384,49.4035,13.8418,13.6092,8.26336,10.4318,10.2079,10.5078,297.573,302.782,74.936,73.5823,292.284,366.015,291.364,310.798,25.0232,25.4161,32.085,49.3385
14e4cfcf0d83b2185fad41684d00d4dc,1712.11,1758.17,3274.04,2943.06,3496.91,10000.0,3702.31,2828.14,1883.81,577.445,1218.55,698.105,3725.26,16.3352,1627.8,1553.97,2386.3,4095.12,2393.32,2292.85,419.15
14ea5857d75ae2b235a3ba97373ea732,2788.3,2611.28,2528.83,2447.52,2399.15,10000.0,2223.97,2622.79,2483.83,3522.77,3558.97,3728.57,3740.67,2239.29,3324.63,2458.88,4058.4,2757.13,2723.42,2288.78,2125.59
1507d9812624b3e0eaf15e40100be020,868.236,881.449,345.982,4610.81,4555.99,10000.0,1203.72,2336.76,2858.83,10000.0,21.4691,511.403,936.93,10000.0,10000.0,4982.85,1599.69,10000.0,10000.0,10000.0,29.4016
1545660e72158c7e90da5ad4c877a124,10000.0,10000.0,10000.0,10000.0,10000.0,10000.0,10000.0,10000.0,10000.0,10000.0,10000.0,10000.0,10000.0,10000.0,10000.0,10000.0,10000.0,10000.0,10000.0,10000.0,0.456558
1548977b4e27032fe07cda357782cd6a,1774.71,1774.72,3922.74,2782.6,2940.54,10000.0,10000.0,4653.91,4478.02,10000.0,10000.0,4256.62,4948.33,3260.16,4960.88,3500.01,3733.26,2285.51,2449.29,2993.8,2692.46
16c27d738cb45b766b8823ca4f428cf0,1077.85,1096.02,1473.74,116.362,1267.31,10000.0,692.652,859.038,813.459,811.824,932.721,175.708,6.21281,1912.11,720.864,1198.21,1734.38,596.579,552.954,583.165,168.249
16c5482d8e658b54e20d59cfd4b1d588,2052.56,2373.84,4009.49,10000.0,10000.0,10000.0,1830.03,10000.0,10000.0,40.4288,10000.0,10000.0,10000.0,10000.0,10000.0,10000.0,10000.0,10000.0,4291.8,4269.75,10000.0
16ca57f2cdffd5b0260fc771017e1f04,10000.0,10000.0,10000.0,10000.0,10000.0,10000.0,10000.0,10000.0,10000.0,10000.0,10000.0,10000.0,10000.0,10000.0,10000.0,10000.0,10000.0,10000.0,10000.0,10000.0,10000.0
170a7d847694ee4cfa5c421757672882,1260.78,1625.12,1421.74,1076.22,1274.58,10000.0,972.839,971.103,1030.98,1603.1,1628.42,1562.56,1570.91,1052.61,1263.37,1532.85,2398.44,1375.79,1390.57,1065.29,975.464
170b13af977e962321c493544b2bd0a9,21.7481,22.3521,10.3644,31.6332,33.4439,10000.0,35.7704,38.7364,39.8014,54.0437,85.4619,28.8616,38.2015,45.0314,54.4978,31.654,24.2473,28.8979,26.7851,37.1019,22.4634
18c0eb461bda29214bd43b84199a3b61,10000.0,10000.0,195.376,10000.0,10000.0,10000.0,10000.0,10000.0,10000.0,10000.0,10000.0,10000.0,10000.0,10000.0,10000.0,10000.0,10000.0,10000.0,10000.0,10000.0,10000.0
195852083a05edee1902233698eec14a,275.603,280.1,945.994,611.147,15.4902,1503.73,66.1379,1097.71,349.799,69.357,74.6001,470.318,16.7982,1560.21,393.202,176.825,4633.95,258.462,2403.14,2389.58,84.35
19e2c3a0865c8c1b4543d11213bebe5f,174.835,187.927,79.0504,81.4473,76.1686,2167.99,109.022,117.617,153.736,53.6696,51.8157,75.5035,76.6933,38.3857,54.2632,49.72,121.163,107.96,98.0987,98.4512,39.8381
1a1c9d1dc1ae7fcff92e3c3499864b75,767.033,775.579,583.974,599.282,621.513,3739.57,434.878,494.042,472.572,923.843,936.437,715.947,855.622,662.165,801.636,877.807,1173.57,732.471,755.779,605.417,504.521
1a20d903db74ab566efc68a35e6b0ec5,10000.0,10000.0,10000.0,10000.0,10000.0,10000.0,10000.0,10000.0,10000.0,10000.0,10000.0,10000.0,10000.0,10000.0,10000.0,10000.0,10000.0,10000.0,10000.0,10000.0,0.457268
1afa2d7a3d817c3149da432eece66da8,18.3477,29.147,102.445,56.3708,37.3258,39.6724,8.7243,9.92014,14.4889,259.749,259.353,84.2899,77.196,261.663,697.114,247.635,216.827,81.4901,80.6542,79.8821,29.8329
1b0f4ff7984b8d4cf2873200fb1680fb,2352.64,2755.49,3053.75,2256.82,2443.78,10000.0,1823.46,2128.18,1982.53,3446.11,3268.59,3275.1,3566.33,2340.11,2675.94,3155.18,10000.0,2695.04,2496.37,2296.19,2162.7
1b3c7ac17705be94daaddb5f5ae4816b,10000.0,10000.0,4102.86,10000.0,10000.0,10000.0,2276.21,2222.93,1923.07,3290.73,3108.47,10000.0,10000.0,2944.19,3134.18,4551.63,2894.08,10000.0,10000.0,10000.0,3193.31
1e0da402100982e53001a64281149dd9,1242.59,1235.11,2065.59,1261.84,1298.38,57.4575,918.605,1004.94,1169.51,1093.02,1121.69,1208.86,1191.2,875.156,1117.82,1003.65,873.528,2060.64,1476.54,1460.67,120.646
1e3c3e8d349759b8b482a6f2721762c4,10000.0,10000.0,10000.0,10000.0,10000.0,10000.0,10000.0,10000.0,10000.0,10000.0,10000.0,10000.0,10000.0,10000.0,111.842,10000.0,10000.0,10000.0,10000.0,10000.0,10000.0
1e74212168124b696531fed471b480b1,10000.0,10000.0,10000.0,10000.0,10000.0,10000.0,10000.0,10000.0,10000.0,10000.0,10000.0,10000.0,10000.0,10000.0,10000.0,10000.0,10000.0,10000.0,10000.0,10000.0,10000.0
1ea68d0008f01c50a1e4fec77dd0775e,10000.0,10000.0,2853.56,10000.0,10000.0,10000.0,556.447,2996.22,1620.38,10000.0,10000.0,10000.0,10000.0,10000.0,10000.0,10000.0,1664.24,10000.0,10000.0,10000.0,8.84216
1f44da3598ccf8bcbe9a90fb1b2f1ebd,10000.0,10000.0,10000.0,10000.0,10000.0,10000.0,729.042,934.068,1758.76,10000.0,10000.0,10000.0,10000.0,929.691,10000.0,2778.92,1000.12,10000.0,10000.0,10000.0,2.66987
207b28c3cefc55b143259222cbfd4962,10000.0,10000.0,10000.0,10000.0,10000.0,10000.0,10000.0,10000.0,10000.0,10000.0,10000.0,10000.0,10000.0,10000.0,10000.0,10000.0,10000.0,10000.0,10000.0,10000.0,10000.0
210fe1c0ffefde5bcd03d59b1efa6984,1522.64,1622.96,2836.77,1121.46,1112.29,203.591,111.879,109.763,110.518,2316.89,951.538,1797.33,619.265,568.404,571.721,3404.44,10000.0,1589.45,1593.8,1688.94,313.155
2115182958f6cfb5a172a24f989b86dd,1154.98,762.145,1115.48,1321.45,1169.73,10000.0,657.231,609.782,659.544,1168.79,1042.11,2156.05,1903.81,786.023,1181.25,984.654,541.823,1425.52,1471.56,1476.97,1858.39
22b4cf412c811872d6ba5078106aeb6c,73.4184,73.8123,164.633,182.228,41.4696,634.792,7.31138,63.1188,122.756,11.4272,10.2538,104.687,57.8932,8.28592,3.17721,20.8527,214.327,60.8355,61.2706,28.6268,125.861
23daec2c71ce3c1e346e6042f3dc42eb,10000.0,10000.0,10000.0,10000.0,10000.0,10000.0,10000.0,10000.0,10000.0,10000.0,10000.0,10000.0,10000.0,10000.0,10000.0,10000.0,10000.0,10000.0,10000.0,10000.0,10000.0
24bdfb34654b1aa703fae31ea91e7c7f,10000.0,10000.0,0.233041,10000.0,10000.0,10000.0,10000.0,10000.0,10000.0,10000.0,10000.0,10000.0,10000.0,10000.0,10000.0,10000.0,10000.0,10000.0,10000.0,10000.0,10000.0
25447f441df2f134223d3e43319c99ad,2280.42,3026.11,10000.0,4026.51,3877.97,10000.0,10000.0,10000.0,10000.0,10000.0,10000.0,10000.0,4935.75,4221.55,10000.0,4715.82,10000.0,4444.0,10000.0,10000.0,3802.26
25cc054738293c0d9377d7b72b78a341,4292.69,3848.82,2809.64,1412.36,2397.66,10000.0,1748.7,2196.93,2202.2,2598.9,2889.75,2172.66,2455.4,1625.41,2184.03,2813.04,2304.07,10000.0,1937.42,1925.91,1762.2
26254890fa7107f85242ec9190da2a7a,2524.9,2547.97,672.862,10000.0,10000.0,10000.0,204.508,1792.26,403.639,10000.0,10000.0,10000.0,10000.0,10000.0,10000.0,335.461,10000.0,166.21,10000.0,10000.0,235.813
26b648475cfd06695a17ac95f4469744,923.78,994.82,1764.26,307.77,319.167,93.0993,1801.99,1350.71,1350.22,2162.83,2785.21,1827.69,3327.42,606.019,468.547,483.679,4225.8,539.445,539.943,543.076,315.416
278aa933fdef642f33fb02a2b18717c1,1820.17,1807.01,2089.4,1017.11,1394.82,10000.0,1147.49,1111.52,1510.72,1717.68,1361.6,1409.51,1483.28,1081.01,1455.31,1933.85,1837.96,1377.25,1345.3,1296.04,928.299
282a02a1743eb47c6b340e52ecce40a2,220.315,209.448,588.086,71.8636,68.3282,60.2131,39.8337,37.8345,37.4097,378.453,376.605,73.2146,70.9724,375.139,376.451,355.405,361.86,280.474,283.671,271.385,51.112
29ab150158d641568f888e8401d2ac13,327.941,334.178,4908.4,643.959,791.664,10000.0,759.933,730.172,1379.38,1092.34,986.595,701.146,716.473,919.876,973.005,901.159,4102.66,853.206,614.305,612.674,715.998
29d86d9a3b85c349e10ad68d7a713da2,10000.0,10000.0,10000.0,10000.0,10000.0,10000.0,10000.0,10000.0,10000.0,10000.0,10000.0,10000.0,10000.0,10000.0,10000.0,10000.0,10000.0,10000.0,10000.0,10000.0,10000.0
29e61b1317804fb897e84237613d42bb,10000.0,10000.0,10000.0,10000.0,10000.0,10000.0,10000.0,10000.0,10000.0,10000.0,10000.0,10000.0,10000.0,10000.0,10000.0,10000.0,10000.0,10000.0,10000.0,10000.0,10000.0
2a15a30186afdad41a49c5c5366d01be,87.1717,145.026,39.1648,56.4291,51.7149,570.216,283.868,171.812,224.269,210.548,199.074,83.8808,78.2972,72.0502,239.751,115.404,10000.0,60.1189,54.8962,54.808,44.8449
2a53e9c6a25a50d753a94ead66065826,94.6555,88.5737,72.9517,62.3055,62.2293,228.929,115.157,112.483,112.444,74.7864,82.6025,77.5945,79.9945,57.447,67.8496,75.0379,149.219,85.8862,88.3659,73.1343,63.76
2b032f8a8976a302ad125eb50a3e8445,350.829,346.299,179.124,639.557,259.965,281.259,1224.75,767.059,1284.2,442.236,597.932,1056.65,337.585,953.475,835.413,197.447,460.882,936.864,783.561,789.763,857.112
2b043efb4bde6d83f7c95a8e8e2d7bf8,157.927,158.253,2219.94,0.011656,0.0106,10000.0,440.352,10000.0,1754.48,0.096881,0.097025,0.013429,0.013698,0.095255,0.096073,10000.0,10000.0,0.032978,0.031427,0.031103,0.007001
2b60f9be1439f63b7f174c6b8ca7fedf,10000.0,10000.0,10000.0,10000.0,10000.0,10000.0,10000.0,10000.0,10000.0,10000.0,10000.0,10000.0,10000.0,10000.0,10000.0,10000.0,10000.0,10000.0,10000.0,10000.0,10000.0
2b8a711debc3a6edd01e7b4e305342d9,10000.0,10000.0,10000.0,10000.0,10000.0,10000.0,10000.0,10000.0,10000.0,10000.0,10000.0,10000.0,10000.0,10000.0,10000.0,10000.0,10000.0,10000.0,10000.0,10000.0,10000.0
2c3c28f6d939d157e909c57a265fc908,10000.0,10000.0,10000.0,4405.94,10000.0,10000.0,2443.76,2883.65,10000.0,10000.0,10000.0,10000.0,10000.0,10000.0,4187.04,4628.1,3464.61,10000.0,10000.0,10000.0,10000.0
2d6d26e1c5b4f2763c03697a6d00d3cf,10000.0,10000.0,4957.71,10000.0,4524.46,10000.0,1750.12,2091.1,10000.0,10000.0,10000.0,10000.0,10000.0,10000.0,10000.0,10000.0,2553.65,10000.0,10000.0,10000.0,1865.05
2dd4b14a8a820e7baa073554ae2c6cb0,10000.0,10000.0,222.438,10000.0,10000.0,10000.0,10000.0,10000.0,10000.0,10000.0,10000.0,10000.0,10000.0,10000.0,10000.0,10000.0,10000.0,10000.0,10000.0,10000.0,10000.0
2eb039a5aa6bfb6e41d3afd41071ca55,540.479,695.192,240.016,325.958,301.452,1175.92,560.488,578.34,579.433,409.745,391.953,330.407,304.699,319.273,288.486,332.617,1386.66,369.292,381.791,383.483,376.759
2fcd8533eba981967292f1b6e41f7433,10000.0,10000.0,17.7967,0.011878,0.010129,10000.0,570.345,3235.34,10000.0,0.111394,0.094797,0.012931,0.012929,0.092827,0.09402,10000.0,10000.0,0.030365,0.030323,0.029955,0.00705
303480ca7e8322d771c94caf4ebd4e95,7.79144,8.82091,11.0388,23.9227,25.1332,10000.0,12.9027,19.2334,19.2705,19.4106,18.5554,28.4082,27.7178,15.1051,18.8609,18.8941,15.7979,15.2913,15.2706,14.9576,7.1021
305ad7d773d6c72be9b1efbf7bf482e0,558.352,615.598,628.327,724.844,714.249,1365.55,2967.1,1213.78,1357.86,915.529,794.571,794.87,781.598,756.14,697.834,574.175,790.816,750.453,788.311,791.146,620.504
30f0db845937bbda3ffde60e5ed4cb3f,10000.0,10000.0,1586.47,10000.0,10000.0,10000.0,4427.31,2605.03,2030.91,10000.0,10000.0,10000.0,10000.0,10000.0,10000.0,10000.0,10000.0,10000.0,10000.0,10000.0,271.844
3129198788f182ce6955b18aa3c7e61e,10000.0,10000.0,139.887,0.012834,0.011867,10000.0,1367.21,196.282,546.669,0.102584,0.102087,0.013521,0.013741,0.101526,0.101905,10000.0,10000.0,0.035322,0.039643,0.036613,0.007936
3184e52e950ac39095a801c418f68d50,1191.97,1348.8,2079.82,1693.43,1749.91,10000.0,2421.51,2879.46,2238.35,2390.3,2407.04,2327.29,2254.78,1493.74,1519.87,2216.2,4436.54,2168.71,1981.77,1621.79,1194.77
31bb67fe67e57dbeb8c4819b01892588,10000.0,10000.0,10000.0,10000.0,10000.0,10000.0,10000.0,10000.0,10000.0,10000.0,10000.0,10000.0,10000.0,10000.0,10000.0,10000.0,10000.0,10000.0,10000.0,10000.0,9.14583
31e788a12ddc8b43ec20e77d53abaa23,3992.56,4003.57,10000.0,10000.0,10000.0,10000.0,10000.0,10000.0,10000.0,10000.0,10000.0,10000.0,10000.0,10000.0,10000.0,2293.15,10000.0,10000.0,10000.0,10000.0,10000.0
32585e66749f42e161e94fc49fd64750,139.372,139.6,1273.95,746.375,671.183,992.201,216.68,293.537,274.107,709.164,749.536,653.705,975.106,548.612,482.467,1094.18,2211.36,654.056,793.594,765.867,235.36
334aa882de28856fc8c75885285d2a3c,10000.0,10000.0,1843.32,1693.41,1025.79,10000.0,2418.04,2677.12,1657.37,3336.1,3327.68,4158.53,2864.64,1372.86,1088.93,2129.78,1656.17,1746.83,1913.93,1558.87,2189.61
34fa0922e66aee3b6f6ffe1760f459d4,576.832,545.273,487.745,123.518,148.284,1561.55,145.547,146.394,221.747,148.849,162.387,151.673,175.605,142.58,202.505,286.485,337.919,179.84,141.173,141.173,603.884
35789168b67a74985804902008251269,10000.0,10000.0,10000.0,10000.0,10000.0,10000.0,10000.0,10000.0,10000.0,10000.0,10000.0,10000.0,10000.0,10000.0,10000.0,10000.0,10000.0,10000.0,10000.0,10000.0,10000.0
3593875d75d6e836a3ac328c5426c1b5,10000.0,10000.0,10000.0,10000.0,10000.0,10000.0,10000.0,10000.0,10000.0,10000.0,10000.0,10000.0,10000.0,10000.0,10000.0,10000.0,10000.0,10000.0,10000.0,10000.0,10000.0
36dbc206c7d9773bebb03f752070cee9,10000.0,10000.0,332.914,10000.0,10000.0,10000.0,10000.0,10000.0,10000.0,10000.0,10000.0,10000.0,10000.0,10000.0,10000.0,10000.0,10000.0,10000.0,10000.0,10000.0,10000.0
37a11ae189df2834a3f294736f34608f,2758.13,2750.41,2568.45,1846.14,2651.6,10000.0,3804.69,3900.89,4402.53,3763.35,2948.68,2999.37,3052.28,1742.31,2927.74,1921.91,10000.0,2319.2,3099.34,1981.27,2155.53
37ca184832fc6fa43a22ae900f1756a2,474.084,495.53,261.384,837.88,865.734,10000.0,558.537,591.083,380.594,361.386,360.144,819.644,421.9,378.928,466.037,544.694,310.357,336.847,355.18,1387.99,94.4718
385042a6042a0df5ddfec6e17f285ae7,1394.95,1589.6,2582.3,1491.17,1521.6,10000.0,2469.4,2999.75,2556.54,3515.45,3253.26,3368.37,3124.17,1857.22,2110.28,2945.15,3621.94,1683.1,1487.58,1488.93,903.754
39277cab188349aee0f229cb7341b5c5,402.486,410.063,470.94,254.621,208.34,10000.0,342.499,494.661,422.585,756.221,1215.19,539.749,753.864,443.512,447.292,481.708,697.265,2022.59,1671.04,404.487,347.736
396fd56f3fd7b85afbba4254ea6e746c,2345.24,2437.86,1155.81,1614.77,365.107,10000.0,1033.37,1074.95,1475.51,1405.74,2775.8,514.9,384.838,476.894,2532.61,339.079,363.626,565.901,541.171,1319.43,190.086
3988a60c6e93167763c6fd2a347d5859,1.00992,1.002,0.207915,0.870005,1.03654,0.616002,0.298084,0.29522,0.294744,0.493362,0.465705,0.544096,0.70835,1.00301,0.753677,0.335601,0.55357,0.484832,0.484409,0.487282,0.13306
39fba35826ce8c87cd8e8de1969b2dd2,10000.0,10000.0,10000.0,10000.0,10000.0,10000.0,10000.0,10000.0,10000.0,10000.0,10000.0,10000.0,10000.0,10000.0,10000.0,10000.0,10000.0,10000.0,10000.0,10000.0,10000.0
3a75ad246dbc750a7391ad887c5b0835,115.919,118.17,285.31,233.301,235.349,2834.77,98.1396,1.75274,332.644,118.468,127.769,16.213,718.508,273.11,92.7805,91.8259,881.39,275.682,38.7098,38.864,55.3941
3b59c5d9b6729f39c8483446701f4ed0,998.726,829.544,1896.56,847.66,1351.73,1923.11,1106.67,1140.89,965.982,1500.21,1359.58,967.996,1125.05,1320.43,1212.72,981.853,1768.69,1505.84,783.412,782.107,877.786
3bf8ba6bb4e4ea9ad08b1b058661ba2e,16.1732,5.44231,1575.95,20.6738,13.334,107.761,31.6072,26.0897,13.228,19.5441,16.5122,19.7875,16.4148,13.2591,15.0826,11.5301,46.8281,20.792,20.8946,20.8164,12.3342
3c6e1d1c4b8d3d08aa4c1df3805f4f7d,920.852,943.555,1588.6,2435.63,2472.3,10000.0,2684.87,2338.93,3025.95,860.289,807.235,2133.26,1890.82,663.997,629.66,875.792,3233.38,2351.73,1885.02,1897.04,344.217
3ed56242f55e3653dbceeb4a70221787,546.821,696.813,19.0458,425.911,206.761,30.6089,671.933,369.456,437.814,229.461,693.01,268.882,83.5801,318.076,139.26,150.785,100.437,374.85,127.489,127.26,37.4797
4073757aae06fc2b50c043f088b132b4,10000.0,10000.0,76.3127,0.011367,0.009873,10000.0,1154.05,10000.0,413.233,0.093333,0.093632,0.011424,0.011495,0.091709,0.092176,10000.0,10000.0,0.030078,0.029989,0.029239,0.006527
40737c2f46512069d54b0d2bb3b47a20,654.547,654.111,463.434,590.788,511.028,1297.04,668.07,686.288,686.038,854.495,825.163,513.837,514.506,489.36,416.724,536.655,1271.83,699.834,587.951,570.793,484.999
4106867bc76b8794330a205cf8a303ad,10000.0,4437.93,10000.0,3703.55,3450.56,4194.26,3338.45,2861.3,3200.26,10000.0,4339.92,10000.0,4530.2,3159.57,3280.38,10000.0,10000.0,4425.23,4189.53,4191.57,4050.06
41f4cb4992a481c9d43e2e1a4e2349ac,1.28183,1.27329,1069.3,158.066,10000.0,751.105,10000.0,652.118,3182.32,10000.0,10000.0,1301.0,10000.0,10000.0,10000.0,1296.44,10000.0,10000.0,2422.22,2758.18,3237.9
4214f45042f8c504f9837afaec88bf8f,2928.78,2986.28,4614.27,3886.89,4407.13,10000.0,10000.0,10000.0,10000.0,10000.0,10000.0,4753.86,10000.0,4097.42,3840.03,3961.4,10000.0,4792.55,4327.41,4355.18,4149.39
425c81fc3af7f5124b6282583d80df11,10000.0,10000.0,10000.0,10000.0,10000.0,10000.0,10000.0,10000.0,10000.0,10000.0,10000.0,10000.0,10000.0,10000.0,10000.0,10000.0,10000.0,10000.0,10000.0,10000.0,10000.0
43e492bccfd57029b758897b17d7f04f,49.5906,79.4567,50.5082,13.1334,32.0084,20.7736,28.1403,7.62794,9.6335,219.209,68.4645,48.6748,66.3386,140.451,107.895,3.74486,551.195,1060.6,203.255,174.26,106.322
44c25de7963c45e92a2407ad839f6e8b,1159.46,1180.52,2115.0,10000.0,10000.0,10000.0,2369.86,10000.0,10000.0,2735.39,10000.0,10000.0,4708.09,10000.0,10000.0,10000.0,10000.0,10000.0,10000.0,10000.0,10000.0
44fd38bd0c5fc7336be468161dee4eda,1687.65,1703.95,713.874,500.58,468.819,3749.45,444.255,571.592,542.065,799.678,621.244,570.385,1037.11,541.372,521.436,588.058,424.716,497.333,540.031,474.989,622.676
4517202fdd0ccc8a97d83684b021ea96,10000.0,10000.0,10000.0,10000.0,10000.0,10000.0,10000.0,10000.0,10000.0,10000.0,10000.0,10000.0,10000.0,10000.0,10000.0,10000.0,10000.0,10000.0,10000.0,10000.0,10000.0
45a09efb026036ff4b8d19024a7563a9,10000.0,10000.0,10000.0,10000.0,10000.0,10000.0,10000.0,10000.0,10000.0,10000.0,10000.0,10000.0,10000.0,10000.0,10000.0,10000.0,10000.0,10000.0,10000.0,10000.0,10000.0
461df1a7056560279d532bc2743022b6,10000.0,10000.0,791.604,10000.0,10000.0,10000.0,4465.75,1951.42,2725.52,10000.0,10000.0,10000.0,10000.0,10000.0,10000.0,1000.87,10000.0,10000.0,10000.0,10000.0,584.022
462d72f9b78ab1cd080667ff12a114ac,10000.0,10000.0,10000.0,10000.0,10000.0,10000.0,10000.0,10000.0,10000.0,10000.0,10000.0,10000.0,10000.0,10000.0,10000.0,10000.0,10000.0,10000.0,10000.0,10000.0,10000.0
46d75199933980fdb856f13e5b1817dd,4530.43,4617.49,2076.76,2630.43,2845.69,10000.0,2683.13,2974.47,2493.34,3699.4,3328.16,10000.0,10000.0,1909.56,2071.25,1542.79,1646.05,2692.93,3254.72,3355.57,1208.95
475803537529d9d14a034957f48a6d38,182.223,188.746,105.37,88.3521,103.733,2477.32,138.64,120.304,154.389,61.04,63.7992,118.356,99.0144,65.0028,60.6839,56.0254,133.839,127.986,152.505,153.67,41.8984
479b1413f8bd1d6fc0723856ffca9792,4502.68,4629.46,765.888,666.67,601.657,2045.53,692.624,736.273,740.382,895.205,941.063,687.391,730.241,815.623,729.532,917.636,1056.93,833.704,768.614,609.325,540.061
47e1ada0070708c2953d322c06aea00d,100.175,101.061,416.1,1836.5,10000.0,10000.0,4162.0,10000.0,10000.0,380.091,3351.78,10000.0,2371.74,10000.0,10000.0,397.45,10000.0,501.977,10000.0,10000.0,231.711
4a8285a53f30b35016b0c85ea17ba155,513.296,386.436,139.151,164.398,240.597,626.623,298.189,403.271,451.906,318.173,401.24,444.722,498.846,166.699,252.202,135.172,133.703,359.297,328.699,326.477,229.349
4be4ae25aae88528bc10f8369bba86df,665.996,673.273,513.248,590.178,638.611,1796.31,712.202,767.497,767.28,1132.13,953.75,687.148,662.203,563.411,591.043,519.883,1267.13,707.177,682.698,616.066,490.169
4c54efa61599e33d514bf718ff23ad09,10000.0,10000.0,10000.0,10000.0,10000.0,10000.0,10000.0,10000.0,10000.0,10000.0,10000.0,10000.0,10000.0,10000.0,10000.0,10000.0,10000.0,10000.0,10000.0,10000.0,10000.0
4d7f6efbae05b66ffbbd509a430d57f8,961.136,913.605,677.728,1052.57,1005.82,10000.0,1710.84,1843.95,1951.38,1160.01,1228.0,1263.04,1237.4,951.563,859.352,784.476,4900.0,1027.39,980.178,1243.62,718.4
4e366e723d75fe39bf6db9a24ffb059b,10000.0,10000.0,10000.0,10000.0,10000.0,10000.0,10000.0,10000.0,10000.0,10000.0,10000.0,10000.0,10000.0,10000.0,10000.0,10000.0,10000.0,10000.0,10000.0,10000.0,10000.0
4f2d6659b5c9bf594ea12e3e1a85799f,10000.0,10000.0,10000.0,10000.0,10000.0,10000.0,10000.0,10000.0,10000.0,10000.0,10000.0,10000.0,10000.0,10000.0,10000.0,10000.0,10000.0,10000.0,10000.0,10000.0,10000.0
50019e4419d48196bb4b95933a8b5030,0.479403,0.476884,29.4457,49.2449,370.213,2374.0,2557.32,1485.55,1002.19,54.5183,149.613,319.57,83.3146,10000.0,10000.0,22.5832,10000.0,56.7814,105.695,334.238,83.246
511a2d81661a185c2115daec42270dec,10000.0,4754.54,782.613,803.025,779.958,10000.0,4287.48,722.618,1082.4,1567.33,1101.55,1037.83,1030.63,1019.8,1091.41,925.286,605.513,942.145,803.135,1156.21,222.072
52aaf653a79ca14fa1127cda32aa94ce,0.402236,0.395424,103.5,370.65,340.462,10000.0,945.001,188.903,10000.0,500.774,474.905,231.616,321.654,10000.0,10000.0,119.513,10000.0,391.54,1522.44,10000.0,118.48
5411047bc24f4321f0e490e01e4a0910,212.63,225.152,271.848,371.979,420.94,1296.59,331.324,247.248,196.76,846.712,749.061,959.848,1043.43,312.841,271.708,172.906,275.837,1283.52,339.337,335.844,217.89
5432e4dd44480fadbd66647db1750c80,2253.81,2084.81,10000.0,10000.0,10000.0,10000.0,10000.0,10000.0,10000.0,10000.0,10000.0,10000.0,10000.0,10000.0,10000.0,10000.0,10000.0,10000.0,10000.0,10000.0,10000.0
543e67dd5abc272c37775b1b742a1d9a,142.493,141.439,96.6482,168.248,176.311,199.603,52.6237,64.6322,279.305,47.8923,69.0096,1.4839,1.47845,1730.59,150.14,211.549,10000.0,715.824,385.163,199.212,87.166
54c2da6d387a6f5ad6e014ae4d4decfc,626.668,619.09,649.391,418.864,67.8665,10000.0,69.6507,50.5582,256.693,15.5207,14.7744,995.048,697.88,97.4581,360.583,160.694,658.058,393.083,536.495,537.897,212.996
55199d55fa9c3751a525d6c0a0e649bd,699.062,693.541,690.425,608.584,746.59,4457.99,1168.59,1329.74,1186.52,909.366,1011.8,746.648,879.114,624.65,552.749,641.278,2345.35,672.054,649.049,801.28,487.764
556cf803f9de4b2ec688825b5ff7e325,10000.0,10000.0,42.1292,10000.0,10000.0,10000.0,10000.0,10000.0,10000.0,10000.0,10000.0,10000.0,10000.0,10000.0,10000.0,10000.0,10000.0,10000.0,10000.0,10000.0,10000.0
5690b9b0380aa9508699e56cae5918b5,0.622804,0.615573,935.122,20.7205,10000.0,10000.0,1568.91,139.319,2146.5,10000.0,10000.0,10000.0,10000.0,10000.0,10000.0,1327.72,10000.0,1681.9,948.696,947.7,1479.22
573cc82ec61e01fd6e6308493ee56289,2124.03,1855.06,1508.06,4361.06,1435.31,84.8975,1250.42,1301.82,1299.77,1944.59,2210.08,1494.39,1612.16,1405.04,10000.0,880.779,2149.72,10000.0,4013.15,4245.46,232.785
576ebc1333f2c466c2dec98792721e1f,5.52057,18.9656,250.921,925.905,161.996,1584.57,105.598,219.419,71.1811,195.971,859.808,220.891,838.233,1062.12,10000.0,96.8793,10000.0,283.353,534.713,1242.42,434.953
57f4ea7ab160d996e38e69fac59869c4,220.53,229.488,147.906,113.34,117.509,10000.0,168.969,217.68,189.315,74.836,72.9552,156.355,123.36,76.0402,64.4064,52.0717,191.287,155.135,157.707,159.29,37.2596
5865fb9a6575d2ae6542c36ab96646a9,1476.0,1364.34,280.323,2549.82,667.757,10000.0,10000.0,1082.17,273.795,845.621,612.497,4259.5,1152.68,524.024,1340.57,345.689,2621.58,2057.39,10000.0,4185.26,337.445
5952b9f18b73dabb531c60e3ac85d26f,1099.14,1086.01,901.893,840.799,833.018,2976.31,814.947,855.303,891.457,1104.27,1425.14,1014.69,1039.61,700.584,946.129,949.804,1944.01,935.021,926.858,824.328,727.245
59825ed96dc3bbdbd8789a4870b323ec,373.966,377.246,10000.0,614.496,1763.24,10000.0,10000.0,10000.0,438.498,2197.35,560.722,1887.0,2091.08,10000.0,1595.47,10000.0,10000.0,1968.72,587.331,592.082,4538.65
5a068ba62fe30e435a76e2ec80896ef4,10000.0,10000.0,10000.0,10000.0,10000.0,10000.0,10000.0,10000.0,10000.0,10000.0,10000.0,10000.0,10000.0,10000.0,10000.0,10000.0,10000.0,10000.0,10000.0,10000.0,10000.0
5ab3040d8617bf9f4d4cef4e56dcfd03,10000.0,10000.0,2031.08,2361.78,2115.18,10000.0,1627.69,1743.07,1543.07,3370.45,3395.23,3878.13,3096.15,2101.78,2976.01,2059.26,3275.44,2366.15,2730.01,2325.84,1244.34
5b0f16de2c5419b80b608db37d07d994,1873.06,1937.55,2123.49,1434.46,1163.67,10000.0,1227.1,1334.24,1519.0,1856.41,1561.82,1815.26,1673.52,1185.86,1304.96,2081.3,2252.2,1566.3,1572.8,1725.88,830.923
5b5dfab02ce5c12a50be3bc7d7cc42c7,10000.0,10000.0,10000.0,10000.0,10000.0,10000.0,10000.0,10000.0,10000.0,10000.0,2346.92,10000.0,10000.0,1112.23,3380.51,10000.0,10000.0,10000.0,10000.0,10000.0,10000.0
5cb1ca8fe8a9d9125ea9accd498445f1,558.221,565.61,337.832,464.458,424.166,4707.89,900.809,958.557,959.356,562.679,577.846,499.442,521.592,443.289,405.169,405.15,1659.59,569.116,500.288,508.432,411.841
5e1c11b77cdf3717b81b957120f0f477,1890.75,1943.62,750.46,3135.24,600.718,1023.79,10000.0,622.552,2869.34,71.6519,910.166,515.915,3840.38,684.416,506.556,402.202,10000.0,10000.0,946.394,948.837,247.12
5e5fe73a2e0ffc8e19873298566919fb,3896.2,4119.1,272.306,302.856,1247.32,10000.0,877.781,1319.23,1320.72,986.124,10000.0,2999.43,2057.34,2940.79,2256.78,696.563,172.449,508.866,4713.53,4716.54,10000.0
5ea72bcdccc86bd1a924029f7b81aec5,178.66,254.111,129.359,96.5066,185.284,776.45,49.7064,156.42,162.116,396.639,357.791,153.769,506.473,122.702,298.618,97.0003,191.951,189.947,363.859,147.708,197.57
5ee7de2bd112aa39485e79c9d487bf8f,10000.0,10000.0,19.1231,0.012525,0.011452,10000.0,312.203,330.179,1450.88,0.107521,0.10122,0.014391,0.013057,0.098881,0.098935,10000.0,10000.0,0.035442,0.033653,0.034157,0.00765
6008b958ff6877f32c26b72728df4523,2014.65,2129.46,2207.73,2038.39,805.646,73.6026,2102.31,2127.84,1200.95,1652.17,1677.1,1237.7,1254.13,1430.07,4477.96,1773.02,1068.82,4465.02,3219.09,3147.2,254.68
6077d4e5f755124ddc84068d6ccb630f,1423.72,1588.7,10000.0,1390.32,1852.89,4228.23,3381.4,2734.39,2685.05,2259.01,1909.72,1946.91,1861.69,2029.71,1815.55,10000.0,10000.0,1958.53,1521.0,1518.12,10000.0
61069e0e3339af80000b774a041b7d96,1002.67,1215.96,626.732,447.295,480.287,1753.32,477.356,484.526,480.56,1028.15,764.681,547.307,597.019,645.948,633.616,629.203,717.412,532.338,451.678,417.697,437.285
62dcbf79f5ecef5618c9d9a00311326c,732.978,806.472,1939.08,676.73,572.664,10000.0,993.776,1275.36,941.93,710.741,797.134,1012.28,969.728,669.778,732.982,2258.52,3282.75,534.37,635.387,643.127,712.803
634a271f5fe339007a186539d615e92f,468.106,563.799,504.86,1829.48,10000.0,10000.0,10000.0,10000.0,10000.0,10000.0,10000.0,10000.0,10000.0,10000.0,10000.0,10000.0,10000.0,1695.01,10000.0,10000.0,743.175
63732c330adb8de8dd47ce1693b86d0e,2372.2,2352.32,1237.54,1803.96,1721.21,10000.0,1654.48,1675.38,2210.56,4102.2,2463.27,2484.35,3467.77,1846.96,2184.55,981.89,2487.92,2339.62,2487.12,2501.8,3114.12
6543793076c30fc7cdfa5a3c819cedc7,4449.12,4776.22,4731.72,1789.67,1504.55,10000.0,2046.94,2464.31,2316.96,3143.67,3701.61,3450.92,3153.45,1289.22,3190.25,4277.52,4636.81,10000.0,2216.43,2162.65,2124.25
65c5a5d228ec5e52d1a72f918086f584,354.227,352.672,1179.6,464.519,473.926,37.7364,29.365,30.1432,29.2925,846.182,368.856,620.147,149.061,281.656,284.419,533.098,514.427,628.608,615.324,616.897,92.3141
67b4844c4bfbaf961cbbd79b953aa5c2,868.506,904.223,1074.03,1387.99,1421.03,10000.0,2051.33,1954.07,2166.72,1586.15,1770.6,1485.31,1648.24,1352.39,1323.65,985.311,10000.0,1695.74,1416.29,1177.33,1038.58
67c533489a498495525efee429340958,10000.0,10000.0,77.5112,10000.0,10000.0,10000.0,10000.0,10000.0,10000.0,10000.0,10000.0,10000.0,10000.0,10000.0,10000.0,10000.0,10000.0,10000.0,10000.0,10000.0,10000.0
695e287a447fcdd924985a6e73057a38,10000.0,10000.0,10000.0,10000.0,10000.0,10000.0,10000.0,10000.0,10000.0,10000.0,10000.0,10000.0,10000.0,10000.0,10000.0,10000.0,10000.0,10000.0,10000.0,10000.0,10000.0
6969c86fbc5814332ab8615031334fa8,203.53,453.687,377.197,82.3818,80.9559,148.537,987.276,10000.0,1314.98,561.556,569.16,491.41,574.828,93.8629,373.721,191.922,222.999,84.8304,85.0654,84.804,357.882
697c96ac45534726c7dbd96faa11a86a,1831.58,1871.02,2292.21,2641.92,3210.09,10000.0,3283.06,331.564,1623.86,842.481,542.45,3183.32,2929.79,1728.54,1497.48,1554.06,3186.48,1467.21,2514.17,2511.25,617.142
69e34d0f49c71a7e145d8104ebe0273f,1633.8,1476.64,1631.34,1850.85,2178.88,10000.0,1271.09,1266.1,1187.73,2975.95,3243.13,2468.01,2757.4,1653.23,2099.49,1819.33,1343.79,2628.3,2510.76,1790.96,991.248
6a674acad2aeac729ecb39ad9e4a2298,10000.0,10000.0,10000.0,10000.0,10000.0,10000.0,10000.0,10000.0,10000.0,10000.0,10000.0,10000.0,10000.0,10000.0,10000.0,10000.0,10000.0,10000.0,10000.0,10000.0,10000.0
6add7e416c1126607afeb2666af330ac,578.009,620.159,163.743,139.041,122.725,404.093,177.87,172.144,179.229,367.626,353.958,166.52,140.36,319.727,316.944,337.196,439.525,193.003,178.684,127.598,132.573
6c52aca5b5fd284bf1940b84df90a367,135.036,137.508,54.1824,101.789,98.4444,207.82,151.179,265.562,243.881,143.923,165.121,443.425,161.191,81.5172,114.411,68.1358,65.667,161.768,169.97,168.159,130.254
6f0e236c999de0a5e3c46fd3463b1d0d,931.462,1143.47,1308.85,1995.99,2219.93,10000.0,597.123,657.837,613.976,1194.69,1218.25,2490.94,2367.52,705.614,895.744,1147.99,669.28,1539.53,1972.98,1469.25,1119.99
6f4df706246d29bf38adadd274fadab3,3411.81,3514.77,1669.7,1992.69,2044.48,10000.0,10000.0,4501.9,4547.32,3969.0,3922.42,3376.22,3240.51,1973.93,2183.5,1712.41,2672.57,2316.95,2298.11,2185.29,1709.51
6f7a0e1cf94b6b26eafc08a827a692ce,146.277,145.676,81.2315,56.3608,50.445,291.108,59.516,104.651,104.701,226.788,242.761,69.7139,42.2783,235.027,229.646,260.391,235.666,50.2844,59.6492,129.474,58.773
6fc528fc3d0fd5a2c50992feb8bf0357,10000.0,10000.0,10000.0,10000.0,10000.0,10000.0,1740.21,1774.36,10000.0,10000.0,10000.0,10000.0,10000.0,10000.0,10000.0,10000.0,10000.0,10000.0,10000.0,4037.63,10000.0
7083b70c1976162e2693d7a493717ffd,0.00724,0.008165,31.0286,85.0349,92.348,191.098,136.592,193.227,192.687,1.07686,3.42957,58.038,174.705,6.76144,375.066,36.0101,1426.75,206.166,256.223,259.431,15.5713
70bfbd054dc9ffd394fab32845b492d3,748.099,800.928,165.901,523.21,578.896,3791.57,226.573,461.413,309.305,432.615,391.576,172.685,153.002,415.274,669.688,296.011,306.681,256.038,268.537,164.628,119.311
70ef2b6bdc4101a0e35cf3d165571fe3,32.8681,24.5985,13.1051,50.0495,16.5151,21.6524,27.3125,13.9506,50.1271,15.3299,15.3724,3.52373,3.81293,131.908,188.326,27.2732,620.036,14.4286,14.4686,14.3526,22.1758
71a3dd6156463c0c55c4b38394faa753,514.355,511.18,110.185,218.351,574.425,1528.66,378.093,240.17,371.815,371.64,468.334,42.1875,233.635,325.807,792.961,376.912,237.703,372.819,469.989,85.1579,408.863
71ec94c233016219e12d671594dc88e5,3690.24,3907.4,551.463,2413.16,1040.31,10000.0,686.699,1636.66,660.671,916.597,763.221,719.007,716.271,827.082,827.674,1991.47,822.59,612.701,688.188,2723.0,257.457
72c0d81e16d91bcaed808efcde2e5069,10000.0,10000.0,86.9061,372.955,115.224,10000.0,593.965,642.176,547.146,592.986,742.828,1501.17,311.563,10000.0,10000.0,55.7194,10000.0,179.062,699.403,197.975,86.4054
7429e380834066c206394139c9e1e17d,62.4543,63.5976,68.4476,35.9741,502.915,678.448,23.2632,50.9728,13.144,250.362,245.749,222.339,346.428,782.962,413.028,345.016,285.518,136.711,102.007,393.037,5.9727
74f145bb935650f5c982d7eec6967945,10000.0,10000.0,10000.0,10000.0,10000.0,10000.0,10000.0,10000.0,10000.0,10000.0,10000.0,10000.0,10000.0,10000.0,10000.0,10000.0,10000.0,10000.0,10000.0,10000.0,10000.0
761651d4b6454108403bdefe22720fb3,10000.0,10000.0,693.93,714.523,664.816,2389.95,765.845,854.041,864.01,1193.94,1372.68,798.639,745.884,1066.57,799.416,1239.51,1225.5,903.75,862.488,748.03,753.355
768956cc8d1f2d18ae1929f6bb26557a,10000.0,10000.0,4.47689,10000.0,10000.0,10000.0,10000.0,10000.0,10000.0,10000.0,10000.0,10000.0,10000.0,10000.0,10000.0,10000.0,10000.0,10000.0,10000.0,10000.0,10000.0
773f3bd29e202ff700d8b5b459857a2c,10000.0,10000.0,270.844,3844.23,4233.91,10000.0,1272.01,881.587,1172.36,10000.0,10000.0,10000.0,10000.0,10000.0,10000.0,135.34,10000.0,2846.97,10000.0,10000.0,93.0245
778e0fd8f034b7cfd539b1b523ed4c4a,10000.0,10000.0,10000.0,10000.0,10000.0,10000.0,10000.0,10000.0,10000.0,10000.0,10000.0,10000.0,10000.0,10000.0,10000.0,10000.0,10000.0,10000.0,10000.0,10000.0,10000.0
77b7f7bbf75faaee28f473b9941de103,10000.0,10000.0,557.301,10000.0,10000.0,10000.0,1009.38,2201.76,2331.79,10000.0,10000.0,3312.25,10000.0,10000.0,10000.0,354.452,10000.0,10000.0,10000.0,10000.0,90.2221
792495b57d6145fd21d7076eab2ab06a,1385.44,1013.03,380.458,424.293,329.869,4939.13,477.455,395.895,224.44,511.23,530.807,639.667,456.863,366.257,458.486,228.001,417.203,815.568,652.055,408.997,457.566
79b9e24dd9af185dbec18c9b0a32b1e2,145.612,49.0127,21.223,32.4848,111.496,10000.0,68.6694,55.915,55.8828,167.444,65.8026,151.0,54.5787,71.8033,189.752,119.648,10000.0,150.303,137.88,158.884,68.3486
7ac7fabd8c078aea420087a0c80e5563,625.969,788.589,582.782,770.501,669.828,10000.0,478.634,638.589,434.993,642.05,446.679,448.183,762.843,351.925,335.668,481.563,296.696,391.066,446.368,991.183,127.784
7b48f9354d25521bd542d859c0ecdde9,10000.0,10000.0,10000.0,10000.0,10000.0,10000.0,10000.0,10000.0,3500.09,10000.0,10000.0,10000.0,10000.0,10000.0,10000.0,10000.0,10000.0,10000.0,10000.0,10000.0,9.13099
7b9d8b9b31b530effd634f5a8f1f4411,516.205,525.558,295.33,376.701,378.718,2329.8,701.679,793.777,714.972,570.23,467.498,467.438,421.462,356.112,355.502,326.564,1271.31,522.656,453.972,455.495,305.844
7cbc3ce2052ba7c5b501f75af58ab3c4,431.455,438.261,491.281,0.012018,0.011061,10000.0,1587.31,4321.27,307.322,0.099993,0.100875,0.012808,0.012696,0.097583,0.105643,10000.0,10000.0,0.034904,0.034384,0.032468,0.007335
7db30d12cb06f0dc2f30abff80d96d6a,10000.0,10000.0,10000.0,10000.0,10000.0,10000.0,10000.0,10000.0,10000.0,10000.0,10000.0,10000.0,10000.0,10000.0,10000.0,10000.0,10000.0,10000.0,10000.0,10000.0,10000.0
7dc0e1b5fedbd8351907f1316b58e68f,10000.0,10000.0,10000.0,10000.0,10000.0,10000.0,10000.0,10000.0,10000.0,10000.0,10000.0,10000.0,10000.0,10000.0,10000.0,10000.0,10000.0,10000.0,10000.0,10000.0,10000.0
7e1d279559b202016e5797901e731a39,474.667,481.342,144.826,0.013291,0.012334,10000.0,342.204,570.218,32.0862,0.104483,0.104138,0.013946,0.01398,0.103066,0.112125,10000.0,10000.0,0.036038,0.036589,0.03665,0.008377
7f1c7da531539f3be4a1e0e916913086,79.2155,79.7,945.072,147.185,161.697,199.645,175.448,191.671,141.341,712.959,370.775,294.253,313.416,240.714,141.291,876.259,1363.04,145.767,125.519,124.768,100.888
7f2b4b2bde9b866b93fbfe01341213da,218.853,310.425,218.02,247.487,243.092,516.98,547.193,475.74,503.016,267.126,279.133,267.551,267.599,244.166,234.721,189.353,221.588,253.921,253.955,261.729,234.833
7f7109dce621ef361a72b3e8cee9a962,3.60921,3.65144,1.13859,1.02743,1.17197,2.15987,2.92233,3.5105,2.15273,1.47787,1.85129,2.26298,1.21558,1.45872,1.70597,1.40082,1.55485,1.20632,1.19836,1.20094,1.52963
7fb202a51c0223f3119887a57086ca4d,286.443,353.321,204.171,229.78,188.123,10000.0,259.845,314.625,260.052,98.1977,110.025,213.272,199.91,80.7759,76.7627,81.4216,238.825,232.731,234.847,236.945,60.1223
7fca438c38e5b7a70e38778ec146cfe0,1918.68,1956.63,2640.05,2051.01,1976.58,10000.0,2891.58,2994.69,2405.74,3058.14,3293.94,2981.53,3269.73,2242.04,2628.13,2696.61,10000.0,2256.86,2121.25,1998.92,2147.32
812926407774771b3bd9885f7bfa4841,310.914,321.474,1934.1,105.234,104.834,88.4166,59.1887,57.6795,57.4821,509.593,509.202,108.256,107.914,506.228,508.947,478.019,499.956,418.841,408.887,425.507,76.9621
82d9e8d2cfea101dfe52c8359b7bb163,904.929,911.465,648.896,607.939,692.715,10000.0,627.923,745.512,630.654,1032.24,965.377,849.397,819.385,704.81,798.848,804.477,1192.59,839.64,770.483,592.985,438.04
83b330c934d6dd35d56e1b1ca3638b3c,8.78348,49.2195,60.726,143.014,162.82,60.0642,12.5085,37.1054,99.2828,16.3836,13.0873,167.89,196.352,227.886,771.455,38.8595,1417.22,285.883,511.346,199.045,59.1876
83dc8f675657b3e6d148ef5cf897fb82,2284.92,2815.23,2188.07,10000.0,10000.0,10000.0,10000.0,4344.28,4791.98,10000.0,10000.0,10000.0,10000.0,10000.0,10000.0,2557.61,2527.66,10000.0,4619.48,10000.0,2690.57
84c6d7e4a18aacf166105aaa3cd6e3de,1335.35,1336.2,3026.27,414.58,407.185,138.115,1102.49,932.295,1057.15,4081.7,10000.0,3605.35,3154.73,847.803,665.489,2152.54,10000.0,728.01,745.146,729.263,414.067
8530c911b75ab1b276042043d118a875,447.737,438.267,115.276,121.916,125.245,461.885,169.642,161.037,197.659,342.921,351.562,141.333,139.224,339.618,317.067,331.579,428.813,155.728,165.471,128.151,112.067
8704094951693f99fd21403a039c8131,1459.6,1508.05,484.983,426.581,539.464,389.827,92.76,101.097,265.255,3085.08,810.574,3072.34,1637.84,292.582,500.706,495.906,223.08,1541.91,871.531,861.838,622.365
878bcc11e1e243680f7946bcf428f465,505.128,503.576,2206.59,347.044,1067.51,25.1824,668.554,194.894,194.435,310.104,306.305,642.683,637.93,379.228,1314.35,622.825,473.526,539.286,537.154,536.776,105.599
88d151d4e3c6ba9bd78454de141cd108,421.226,422.361,1350.81,598.873,420.21,1227.32,431.195,432.522,614.846,740.481,721.035,481.19,633.699,665.564,830.444,514.638,1201.0,1019.11,666.655,588.48,540.46
88e89266e58f1f125ebc4e0f66e2c060,862.428,712.081,1618.25,940.443,917.615,102.802,69.9332,68.1328,68.3027,1310.12,548.889,1058.87,303.138,362.901,360.836,1292.41,10000.0,1186.98,1185.87,1182.52,190.831
8942dca5dc0876fc3f723f738d72de1c,10000.0,10000.0,4132.28,3433.17,10000.0,10000.0,1576.48,2639.66,10000.0,4504.91,4510.88,550.874,548.748,3727.85,4574.14,4230.14,10000.0,605.523,10000.0,3674.81,826.937
897acc1858ce0887f286aba5c0d56d71,10000.0,10000.0,10000.0,10000.0,10000.0,10000.0,3897.64,10000.0,10000.0,10000.0,10000.0,10000.0,10000.0,10000.0,10000.0,10000.0,10000.0,10000.0,2693.77,2689.22,10000.0
8b18bb75459a4161633ba2a3c8ee183e,382.123,471.533,619.189,415.074,59.2106,10000.0,501.378,532.681,1346.21,911.638,130.813,2001.5,146.533,500.751,53.8425,11.5553,284.541,1015.87,370.676,373.625,245.421
8b31606e10656ff7eb2936262b647443,1.38394,1.37571,13.0376,26.5778,117.71,1181.03,38.8801,110.253,110.325,235.668,229.664,378.846,62.3675,335.955,259.225,452.098,519.684,46.9641,37.3869,87.3986,118.739
8b91c5bf4dfd87ffb46c5ef88a3ef1cd,10000.0,10000.0,10000.0,10000.0,10000.0,10000.0,10000.0,10000.0,10000.0,10000.0,10000.0,10000.0,10000.0,10000.0,10000.0,10000.0,10000.0,10000.0,10000.0,10000.0,4808.04
8bf63d50ebdb645b75a24370b8f94d31,1568.65,1582.22,2732.54,2363.82,1788.11,10000.0,2714.45,2557.69,2506.16,10000.0,10000.0,3089.21,3625.68,3872.73,10000.0,10000.0,10000.0,10000.0,10000.0,2043.02,3870.36
8d2dfc50c1759dc11a6564d5c368c6df,10000.0,10000.0,10000.0,10000.0,10000.0,1960.28,10000.0,10000.0,10000.0,10000.0,10000.0,10000.0,10000.0,10000.0,10000.0,10000.0,10000.0,10000.0,10000.0,10000.0,10000.0
8d4b50ec0cf99097e9ab0835937afee5,10000.0,10000.0,10000.0,10000.0,10000.0,10000.0,10000.0,10000.0,10000.0,10000.0,10000.0,10000.0,10000.0,10000.0,10000.0,10000.0,10000.0,10000.0,10000.0,10000.0,15.1189
8e720686372c5037f30b4fc7b1c71d48,557.001,485.561,24.8911,8.42319,6.225,4.38927,31.3721,14.0098,9.27373,210.872,204.98,8.45937,11.4699,227.196,211.266,220.332,209.999,3.0264,3.04893,3.08998,5.64278
8ffd718f763ed7a3f691cf46e57f8d98,10000.0,10000.0,1931.27,1142.12,3155.06,10000.0,4166.98,1845.41,1296.33,2126.14,1119.66,722.685,322.019,1050.05,601.965,588.279,101.414,224.111,948.083,1461.63,3377.91
907e7dc703e16ad2c7e56a33fe3b3e5f,581.117,429.82,321.317,192.972,169.636,2378.5,125.633,132.85,126.227,226.752,197.408,217.071,240.003,139.22,170.015,303.612,206.404,177.485,184.055,207.316,373.255
912ce8c21d8fb8abc491cb205ec23e9f,10000.0,10000.0,10000.0,10000.0,10000.0,10000.0,10000.0,10000.0,10000.0,10000.0,10000.0,10000.0,10000.0,10000.0,10000.0,10000.0,10000.0,10000.0,10000.0,10000.0,0.518534
915a25bd189357e4c6d7771b69a6849f,334.932,412.937,202.776,234.993,252.767,10000.0,274.221,307.868,295.609,115.742,124.244,250.587,218.289,95.2617,96.5134,111.765,257.97,261.553,304.665,302.851,65.3117
91e0db01b254eb78f6643328045bfeb9,10000.0,10000.0,4547.47,10000.0,10000.0,10000.0,10000.0,10000.0,10000.0,10000.0,10000.0,10000.0,10000.0,10000.0,10000.0,10000.0,10000.0,10000.0,10000.0,10000.0,10000.0
9276ce38c625b2d00de247f8588f1542,128.947,162.522,777.997,45.4842,347.774,10000.0,111.95,18.0466,74.0814,437.101,118.227,507.882,10000.0,10000.0,10000.0,1016.62,10000.0,595.396,323.025,357.771,19.8394
94571e8a1081385029d1ecd53ffcdf8e,1219.35,1237.07,1343.43,1031.17,938.959,10000.0,1036.16,935.729,993.102,1455.27,1546.34,1360.49,1346.59,1031.72,1177.74,1449.22,2373.28,1558.25,1241.45,933.586,1071.92
94dd280b1562ee7dae44b303b8fed233,10000.0,10000.0,10000.0,10000.0,10000.0,10000.0,10000.0,10000.0,10000.0,10000.0,10000.0,10000.0,10000.0,10000.0,10000.0,10000.0,10000.0,10000.0,10000.0,10000.0,10000.0
96a6796405061571e12d383efe27b703,609.856,628.116,426.967,531.139,687.294,10000.0,1078.35,1129.37,1123.59,586.136,669.272,542.727,644.675,620.593,461.459,568.081,2126.51,616.194,599.031,597.269,437.928
973d699ec01b88da869233a79aaa1912,10000.0,10000.0,2.17238,10000.0,10000.0,10000.0,10000.0,10000.0,10000.0,10000.0,10000.0,10000.0,10000.0,10000.0,10000.0,10000.0,10000.0,10000.0,10000.0,10000.0,2725.9
9777418f75e1dfbd7d34e9b0ba4bf0b5,10000.0,10000.0,4282.05,1769.81,1601.77,10000.0,2275.99,2313.44,1365.79,2843.75,1706.84,1172.22,2475.08,1269.69,2659.12,3203.82,10000.0,2936.34,2566.32,1751.79,1992.36
994783ef4ed3a0366842e1b6f9128a6f,200.004,242.542,58.7983,10000.0,2767.34,10000.0,4032.4,10000.0,10000.0,2062.85,536.382,10000.0,3429.51,10000.0,10000.0,454.957,10000.0,10000.0,898.487,2578.72,2082.69
9a06700729bf3426beb8a62040f92960,10000.0,10000.0,10000.0,10000.0,10000.0,10000.0,10000.0,10000.0,10000.0,10000.0,10000.0,10000.0,10000.0,10000.0,10000.0,10000.0,10000.0,10000.0,10000.0,10000.0,10000.0
9cd3acdb765c15163bc239ae3a57f880,38.889,41.4014,47.4603,24.9358,45.652,451.488,15.0015,23.7483,23.9362,45.0526,43.1537,28.7186,38.5782,50.5908,33.4883,42.8104,34.7196,38.2612,37.9693,22.3684,34.8271
9d9c4fa425282759eb9e98b82fb5f56e,589.216,557.203,1285.39,10000.0,411.581,2249.21,4335.98,1939.56,636.875,10000.0,503.99,10000.0,1839.2,483.631,620.094,2620.31,10000.0,130.629,4565.54,4565.41,324.08
9dcbf221b8d2bb01f30bcca283f3608d,99.7018,100.75,72.6484,118.444,161.69,995.511,35.4882,90.7734,74.4698,191.389,294.561,113.721,239.399,463.712,400.311,68.3989,10000.0,201.514,167.394,167.06,62.0525
9e6c2e7b0d6f58e449716deb9305525a,10000.0,10000.0,10000.0,3719.26,3951.93,10000.0,3305.83,4671.99,4849.2,3220.52,3222.2,3324.72,3342.04,4777.37,3953.52,903.235,10000.0,4058.65,2449.08,4418.98,1852.84
9e749596a8de36d8ab706c96cf128455,1004.0,908.432,1152.61,1039.39,1046.68,4663.18,1344.92,1484.97,1369.5,1529.0,1544.89,1359.19,1109.25,847.042,892.611,939.364,4111.13,1024.75,1058.4,991.315,750.266
9e85aad5707405fb349c6c5548040cf4,4121.89,4128.0,10000.0,10000.0,10000.0,10000.0,10000.0,410.75,10000.0,10000.0,10000.0,10000.0,10000.0,10000.0,10000.0,105.902,10000.0,10000.0,10000.0,10000.0,10000.0
a08e66296d00f480e9ccadd79fa8b904,872.0,885.197,818.677,691.092,609.003,1112.61,398.505,352.993,437.012,116.141,596.21,1165.81,222.038,613.733,2217.65,255.567,2191.17,195.3,104.409,555.494,892.134
a14d9ee17051ec08a4334ba43089502c,1533.43,1391.7,4036.58,428.752,425.921,177.59,82.5313,81.1653,81.4093,2837.21,1260.63,2496.37,901.443,620.226,2043.35,2494.63,10000.0,744.225,750.445,755.45,358.886
a38affaa741c958fc32769d5fe89b06c,28.5618,29.4402,0.131869,33.8843,40.5058,12.9666,61.4111,33.6899,34.0255,65.4647,117.994,38.387,85.8709,35.5224,31.2769,28.6381,51.9421,44.1743,28.6004,8.64529,22.8976
a45a0358685867bd4f1c7f7c0b0e379c,54.8878,60.8076,139.756,271.951,56.9132,1256.15,245.524,489.369,197.771,32.3409,82.3664,119.564,2.73488,0.558098,160.813,55.0327,73.6172,380.479,85.817,86.0743,61.4845
a5419a63d913bde0ba5bcd8a8571342f,553.406,1786.69,610.63,776.282,713.133,1385.41,4580.6,4445.43,3001.1,781.777,781.029,797.215,783.678,704.744,764.466,545.178,753.21,771.689,760.13,761.572,548.922
a552a058e6376a36b1f1b2724f228364,1020.86,1269.08,712.13,846.662,815.069,10000.0,1047.87,1020.24,1157.84,1223.44,1280.66,1219.68,1087.9,719.22,1051.53,705.967,835.105,1008.74,891.679,840.557,324.418
a58b8a5eb61d3110d9fa36a03de588d2,530.307,541.852,320.319,406.724,322.263,2323.37,593.425,694.731,671.729,530.447,515.78,553.807,499.162,380.538,283.571,303.524,1404.34,480.418,440.518,338.408,313.726
a5dc6226e4c0bebb06926efe55640995,10000.0,10000.0,10000.0,10000.0,10000.0,10000.0,10000.0,10000.0,10000.0,4755.4,10000.0,10000.0,10000.0,10000.0,10000.0,10000.0,10000.0,10000.0,10000.0,10000.0,10000.0
a5fc113e7d4899f4e4af14b87b6fd6ae,1942.63,2076.78,3926.49,3187.05,2984.46,2550.25,2237.36,2353.49,3208.8,3521.05,3850.18,4167.32,3583.79,2331.15,2323.11,3082.61,2850.04,3588.57,3928.03,3278.84,3707.61
a6ed647f85f20be4aedd1e9ce31cbdcd,10000.0,10000.0,10000.0,10000.0,10000.0,10000.0,10000.0,10000.0,10000.0,10000.0,10000.0,10000.0,10000.0,10000.0,10000.0,10000.0,10000.0,10000.0,10000.0,10000.0,10000.0
a917b02a7c31e74c8ccf8b8f001abf37,10000.0,10000.0,10000.0,10000.0,10000.0,10000.0,10000.0,10000.0,10000.0,10000.0,10000.0,10000.0,10000.0,10000.0,10000.0,10000.0,10000.0,10000.0,10000.0,10000.0,10000.0
a9cb77454c6cfdf4092fb304d3aae8b7,10000.0,10000.0,2875.63,1135.79,4033.3,10000.0,2397.42,4146.73,1313.6,1439.71,173.064,10000.0,1634.02,288.012,10000.0,77.2012,10000.0,2113.61,253.221,1323.44,653.881
aa39c6d885d283a085d033ab7b89f8c8,10000.0,10000.0,0.040111,573.493,531.592,2594.07,263.451,569.631,570.86,818.492,810.413,889.944,892.421,1772.72,1138.49,3364.31,1002.05,961.902,604.487,603.086,339.365
aa6e6f67719ca43aef922f2ebabc409a,10000.0,10000.0,10000.0,10000.0,10000.0,10000.0,10000.0,10000.0,10000.0,10000.0,10000.0,10000.0,10000.0,10000.0,10000.0,10000.0,10000.0,10000.0,10000.0,10000.0,10000.0
aa9b67fd19d54ad51b93ee4ba5dc75fc,1150.39,1188.42,1544.76,1401.42,1800.52,10000.0,3303.68,3995.38,3356.47,783.47,821.937,1874.89,1746.64,622.275,676.587,739.05,2481.34,1644.88,2178.54,1736.2,330.156
aaa3654cc92d80da84ecf5d18040c634,889.599,873.777,1563.78,1779.08,1342.91,48.9286,1120.57,1125.69,1125.91,1998.9,1640.44,948.187,1257.54,962.766,1711.53,651.351,691.858,3055.33,2973.53,2825.02,154.685
aacfb8797097f698d14337d3a04f3065,433.073,425.292,8.33691,4.3341,25.3981,1.0978,1.49612,1.48204,1.48952,273.855,273.54,1.62901,1.70452,273.371,278.446,273.165,272.712,3.79959,3.75828,3.78541,3.09279
ab3438b504b296fcee78ec9e71969863,10000.0,10000.0,10000.0,10000.0,10000.0,10000.0,10000.0,10000.0,10000.0,10000.0,10000.0,10000.0,10000.0,10000.0,10000.0,10000.0,10000.0,10000.0,10000.0,10000.0,10000.0
ac347c21ca0759079c0be9a758e4e924,10000.0,10000.0,1825.46,10000.0,10000.0,10000.0,10000.0,10000.0,10000.0,10000.0,10000.0,10000.0,10000.0,10000.0,10000.0,10000.0,10000.0,10000.0,10000.0,10000.0,10000.0
aceab5a3452e2901e645065bda3e8847,271.705,276.149,798.379,93.5074,93.5545,80.0585,51.1409,50.2592,50.7548,517.715,517.245,95.4213,96.4755,515.745,499.85,471.535,501.771,367.747,375.159,366.384,67.61
ad4e151d80c7012d88dd79bcfceaade5,122.317,125.05,31.7967,51.4781,57.6343,582.59,88.0884,83.2981,84.9886,21.2345,22.5773,52.5296,51.7927,18.2142,20.4941,23.9415,52.126,64.8806,57.7026,57.6687,26.8637
adf6dacdd64c93f9de1aa0eadf427faa,51.0788,52.5625,47.8078,43.3423,41.7575,10000.0,35.1603,38.5979,44.8478,67.1215,68.7223,39.6542,47.5616,49.4497,82.6099,60.4985,44.7797,45.5234,39.3812,50.9104,31.6105
ae9522ea003ea9f75891b2d37a5e264b,444.133,543.626,2356.71,0.077726,0.075643,10000.0,0.031807,0.030929,0.030996,13.8413,11.8257,0.078514,0.07958,11.8558,11.9784,438.627,1831.51,0.325416,0.326288,0.29873,0.027398
af05a6b68a1cff165b684d9ff0ae3b3b,1080.85,1103.19,908.443,10000.0,71.6614,10000.0,48.8558,829.101,2341.97,4434.29,842.312,3315.44,1058.93,574.731,4313.52,1141.1,1664.81,2094.09,4363.21,3894.59,1018.68
af750c18578d52e60472315692ad83c0,202.973,208.411,12.3505,5.17155,41.3297,4.45663,12.3177,12.3212,13.1437,206.301,204.234,5.46602,5.91728,212.585,205.632,213.044,205.707,7.16747,7.04433,7.33124,8.83478
b087c195e5b7bb191d3a701aa0aa8cf1,10000.0,10000.0,10000.0,10000.0,10000.0,10000.0,10000.0,10000.0,10000.0,10000.0,10000.0,10000.0,10000.0,10000.0,10000.0,10000.0,10000.0,10000.0,10000.0,10000.0,10000.0
b11374f7fe60b9a63fbfde24b1a0a439,1781.22,1777.55,1774.78,2697.96,2429.25,10000.0,3033.17,3407.05,3422.47,3625.46,3685.15,2952.42,3100.02,1738.08,1414.19,1687.18,10000.0,2182.51,2691.89,2432.26,1727.14
b172b4c218f1e44e205575d2b51e82c4,10000.0,10000.0,10000.0,10000.0,10000.0,10000.0,10000.0,10000.0,10000.0,10000.0,10000.0,10000.0,10000.0,10000.0,10000.0,10000.0,10000.0,10000.0,10000.0,10000.0,10000.0
b3167d999edd81291f33636464f2f8e6,10000.0,10000.0,822.142,10000.0,10000.0,10000.0,2650.32,1641.63,2334.32,10000.0,10000.0,10000.0,10000.0,10000.0,10000.0,1700.62,10000.0,10000.0,10000.0,10000.0,864.178
b3c587501567db72e6e66c6930cf15ed,10000.0,10000.0,2979.42,10000.0,10000.0,10000.0,559.888,554.997,1649.33,10000.0,10000.0,10000.0,10000.0,4099.66,10000.0,4455.58,971.169,2910.88,2901.24,4124.9,10000.0
b3f53d4c67b234d27e21f5e56bfd39e8,3002.11,3068.81,1289.3,1230.09,832.46,10000.0,270.563,258.743,977.719,754.67,506.806,1748.91,1473.89,448.14,419.602,304.807,313.849,1033.3,877.39,876.857,382.568
b44ea915362c3a140269003d45b1d053,615.815,657.8,373.719,104.557,427.701,258.425,255.222,830.81,1577.67,111.85,751.412,173.409,78.7771,414.018,189.036,12.23,412.664,159.787,457.536,391.823,21.3413
b4b41b2ff14427e5715cb9bee06d4602,318.574,315.378,72.488,84.1765,58.5302,220.364,75.2805,79.81,82.8051,280.577,281.115,82.7572,74.8702,273.705,256.637,280.566,286.057,85.9108,92.5413,65.6845,66.0858
b5028686db9bd1073fa09cbd8c805f47,4898.37,151.234,931.628,136.818,187.687,1300.72,63.0739,41.9718,26.0691,426.947,1440.18,402.071,451.414,243.997,149.612,10000.0,10000.0,780.446,208.269,208.445,727.535
b68ae7866df5e852c3acb97a46da2faf,71.8707,74.2005,219.355,115.25,58.3949,10000.0,180.716,187.134,197.655,138.454,94.9258,125.003,437.791,94.3747,337.402,184.331,105.8,79.6516,178.325,320.647,156.774
b7273af3d468ea2595f11a6dbd6ef6ce,765.963,779.706,790.108,605.951,607.418,10000.0,1105.18,1214.38,1641.28,469.879,407.687,726.713,736.73,399.101,399.634,408.376,1275.06,818.184,745.094,745.479,246.58
b76fa2f50a42120ec54fa98c29113326,10000.0,10000.0,10000.0,10000.0,10000.0,10000.0,10000.0,10000.0,10000.0,10000.0,10000.0,10000.0,10000.0,10000.0,10000.0,10000.0,10000.0,10000.0,10000.0,10000.0,10000.0
b8c7c777e76995e5bf7b517f2db234ba,0.153732,0.154228,29.9601,132.206,64.5256,2046.73,46.2293,888.463,413.053,526.488,311.333,51.3356,74.9445,10000.0,10000.0,26.5668,10000.0,81.318,124.47,66.9914,130.15
b8f5fc2425facb3aec52a665f32a500c,197.933,211.283,218.971,342.671,249.599,624.413,1061.02,880.827,475.484,281.839,276.642,268.9,260.186,244.192,233.325,185.98,196.788,332.589,261.998,256.103,203.672
bb591c6447fb6b4180f6d288eb2ff62a,1088.55,941.744,1226.41,776.738,699.752,10000.0,1185.25,1182.58,1292.36,1469.58,1504.43,1369.5,1157.13,761.015,1001.23,1364.58,1466.23,1157.44,1088.62,1092.38,588.982
bbfe2b27182d2ee7fefdb557f458ac9c,10000.0,10000.0,271.127,10000.0,10000.0,10000.0,10000.0,10000.0,10000.0,10000.0,10000.0,10000.0,10000.0,10000.0,10000.0,10000.0,10000.0,10000.0,10000.0,10000.0,10000.0
bbfed8974655bca520259deb10d2347b,178.172,182.098,123.322,15.3141,68.0224,136.238,27.3382,41.0037,95.8462,1.51488,22.7889,188.644,61.8318,11.6647,23.5485,24.539,87.3691,107.245,220.408,222.191,41.6983
bd12a2b66110451b050bd5d2943b1854,10000.0,10000.0,10000.0,10000.0,10000.0,10000.0,10000.0,10000.0,10000.0,10000.0,10000.0,10000.0,10000.0,10000.0,10000.0,10000.0,10000.0,10000.0,10000.0,10000.0,10000.0
bd19da88800086971e554e9d66bc641d,422.442,420.345,294.16,383.48,408.121,10000.0,671.467,646.553,647.483,463.039,449.327,535.028,474.608,368.281,409.171,367.252,1251.41,468.149,559.678,428.189,296.672
bd8bc25be2b36c64b38459c17e815814,193.703,196.415,251.615,112.638,135.475,1018.05,305.689,339.439,324.569,128.63,181.244,146.375,174.931,130.382,86.3123,219.318,713.312,129.817,116.505,116.592,61.7324
bdcdb52d16f87ea20f091ca4b0b6a36f,1613.29,2107.04,1858.16,930.503,1047.98,10000.0,1065.47,1152.13,1228.8,1719.33,1592.91,1272.49,1461.44,972.49,1138.42,1808.22,1862.28,1226.18,1199.18,1196.11,743.966
be18894105e006399cc018abc14b204f,69.8975,48.034,649.501,1834.14,716.906,10000.0,13.3646,55.489,53.0179,357.572,255.822,2567.29,323.363,759.029,2701.41,1607.35,767.83,1823.39,688.979,684.112,219.63
be6411f4784a3c879886dda807cdc607,10.2709,10.1031,36.5285,29.3657,11.4385,234.797,35.828,35.7388,76.9319,10.6011,10.4319,161.752,201.429,155.438,10.7358,11.0997,169.022,118.286,163.966,178.506,24.9279
bfadd34e71516e95d0ba2a3a8fb2ba03,10000.0,10000.0,10000.0,10000.0,10000.0,10000.0,10000.0,10000.0,10000.0,10000.0,10000.0,10000.0,10000.0,10000.0,10000.0,10000.0,10000.0,10000.0,10000.0,10000.0,10000.0
c0293283432a9b15cd743702163f5184,19.6237,19.2653,1514.01,33.5086,31.3299,10000.0,6.32341,80.6512,80.7261,240.491,1102.72,9.4348,9.43135,30.4804,10000.0,365.748,10000.0,173.55,174.687,22.8189,10000.0
c03f7f84f6ac9e523c17e391c3895183,1724.21,1714.37,2902.91,785.203,799.012,61.4824,480.783,1459.05,1477.5,1467.96,1493.72,1047.87,1077.99,660.909,2614.03,1151.73,1269.11,923.475,926.02,929.56,142.349
c0e6e6eeebd48ca600cfc7d662fa804c,680.385,701.202,849.216,682.834,667.192,10000.0,1013.59,1129.44,1161.64,715.364,560.081,741.944,729.296,478.362,429.829,449.958,1241.88,914.342,761.08,758.002,198.531
c214f1eb2576af00e3fb09f7d0305764,955.564,1019.81,2020.75,359.383,333.178,115.009,62.4044,63.5677,61.0597,2289.63,2640.42,1362.88,2313.55,406.872,1348.43,891.038,577.325,576.504,586.053,614.947,268.217
c21cea390a50204944aa00babd56b53c,667.658,705.655,1904.83,10000.0,2096.2,65.7522,1666.32,1798.08,1853.19,1644.05,1307.1,1213.9,885.082,785.045,2629.99,1231.87,916.268,879.131,891.275,875.522,381.298
c2bfe541b7cff948fa3193e9ca0eddee,111.599,112.298,855.805,35.1635,181.055,350.283,44.6208,95.7736,96.3163,318.704,1244.22,84.5494,1140.81,430.221,206.098,109.962,216.561,833.421,336.505,335.583,525.162
c3e53c353f30d9e2eb54ed93d6ce4f02,246.975,248.919,135.543,116.098,110.019,10000.0,216.037,221.359,231.998,72.682,74.1952,125.538,135.673,78.0281,70.4424,65.2144,199.279,180.21,167.63,166.859,40.9134
c5a98231dd54cbca06135293bb7e1985,275.026,280.462,1662.38,3413.95,3965.57,3374.86,872.114,1031.04,1302.04,723.764,808.742,416.786,593.217,9.93288,441.492,195.85,10000.0,11.4954,11.5164,11.535,74.6364
c5ae0ec49de0959cd14431ce851c14f8,1454.03,1486.45,1243.8,560.044,764.626,3362.12,878.087,1039.24,1438.53,1132.81,759.547,816.874,192.145,17.8339,131.48,23.1431,213.931,751.015,1068.84,116.849,656.196
c6568fc8805127e876c4c23551bf49fa,531.377,548.35,575.171,505.138,494.827,10000.0,663.394,855.672,822.184,417.377,347.463,483.959,545.949,266.43,421.407,318.916,727.484,592.131,527.706,525.418,152.506
c69c5163c9087ffe770743bd4cdafcc9,10000.0,10000.0,69.22,10000.0,10000.0,10000.0,10000.0,10000.0,10000.0,10000.0,10000.0,10000.0,10000.0,10000.0,10000.0,10000.0,10000.0,10000.0,10000.0,10000.0,10000.0
c6e03256680b96b52e3345a497333c2b,253.673,258.503,723.139,515.792,602.128,10000.0,374.128,422.437,667.849,910.117,913.09,1029.44,1047.16,768.934,700.938,625.876,873.118,428.005,500.92,504.426,225.565
c73edc350cfa8e07af58db50054aea45,3.19414,3.31961,675.603,1686.93,10000.0,10000.0,10000.0,645.495,4133.1,1889.5,253.622,258.82,10000.0,10000.0,10000.0,606.177,10000.0,1203.31,791.347,2196.55,512.7
c76f3c6c2e2eae85fc5f3d499f3db88d,149.194,151.445,46.7089,1300.14,1057.27,460.583,537.676,593.461,561.523,231.482,244.813,1421.15,1740.79,134.942,151.94,267.71,482.139,1399.95,1241.57,1243.09,23.2631
c801a020a6c8bc3c287fea495203b114,0.013041,0.012568,0.586534,0.275634,0.448069,0.006451,0.086055,0.084278,0.084418,0.177974,0.178138,0.253522,0.253581,0.178691,0.175121,0.174973,0.174867,0.302799,0.300876,0.30015,0.13536
c82eee3badbc8432dad72d1d575a0ea6,249.436,311.718,248.391,587.445,564.657,4469.24,1138.63,166.562,960.302,718.205,767.07,556.78,907.836,481.938,827.245,185.025,2116.17,905.662,1061.37,957.958,2440.44
c8b129b9e4835b8a40d5ef0d27a45bef,1837.59,1905.02,2587.06,1038.42,2485.18,81.3496,404.045,435.575,467.934,961.477,959.82,559.515,563.363,702.0,3600.36,1961.69,1025.11,1547.96,1551.46,1664.85,180.868
c8e64404361f2426490d39459832c66a,186.836,177.729,422.899,54.049,52.3411,12.4271,11.9486,11.6336,11.6762,420.546,289.871,218.671,214.857,226.391,237.084,265.735,254.054,86.7012,87.8613,86.4862,42.8596
c9f511adbb3d6e1b37b410f972f270c6,432.582,442.031,392.802,371.432,315.145,2289.48,282.999,306.854,290.181,574.784,589.445,442.788,367.996,550.329,532.261,594.208,840.545,513.759,461.393,302.121,354.427
ca14adcb9296a7b31d7815c2ed16d0f1,2.62018,2.59896,0.737502,0.47661,0.466209,1.19069,0.155158,0.157232,0.169866,7.26421,6.67888,0.157228,0.176803,6.28745,6.23482,6.16804,10.1131,0.559549,0.588892,0.561275,0.957618
cb2e8b7fada420c5046f587ea754d052,1645.57,1632.35,16.5909,915.341,2110.21,327.604,19.0865,11.5713,13.1769,0.253943,0.252866,1190.26,1051.42,0.266788,0.286988,1.81784,2.75255,933.307,742.641,744.213,18.1429
cc30e4eedbcf9c3bc110894d08781246,10000.0,10000.0,10000.0,10000.0,10000.0,10000.0,10000.0,10000.0,10000.0,10000.0,10000.0,10000.0,10000.0,10000.0,10000.0,10000.0,10000.0,10000.0,10000.0,10000.0,10000.0
cccee4b0d4c70a5d5422663e2d8887da,10000.0,10000.0,10000.0,10000.0,10000.0,10000.0,2358.24,10000.0,10000.0,10000.0,10000.0,10000.0,10000.0,10000.0,10000.0,3574.59,3568.21,10000.0,10000.0,10000.0,4149.41
cd33a862b81ba7b887845d3510c41c62,709.326,708.315,10000.0,4899.98,3946.09,120.195,2884.6,189.361,446.943,4334.59,4330.56,4508.01,4513.77,3365.52,1642.08,10000.0,10000.0,446.947,3905.3,4037.22,1799.86
cd361d33986dccd7f2d86016d6c35241,390.422,299.869,1296.25,440.783,404.974,1658.58,347.332,365.375,383.664,541.456,436.729,502.26,464.276,413.57,1665.37,428.684,3474.21,827.703,411.545,413.513,544.849
cdce6277b01ae06ddb95468c5f05de71,32.8842,33.7082,119.13,0.010026,0.008914,10000.0,40.8629,10000.0,10000.0,0.088624,0.088986,0.010574,0.010678,0.087419,0.094989,10000.0,10000.0,0.028037,0.026192,0.026102,0.005965
cdd131110acc861a5a01fae6c4936c91,144.526,121.06,10000.0,10000.0,10000.0,10000.0,10000.0,10000.0,10000.0,4453.77,4132.16,10000.0,10000.0,207.447,10000.0,448.172,10000.0,10000.0,10000.0,10000.0,10000.0
d02fae1e84cfbe799c792ba237f08f66,3905.23,10000.0,10000.0,1473.75,3789.8,10000.0,1936.98,1190.15,1310.81,4205.01,1586.95,4694.55,1614.8,4607.19,10000.0,1007.98,4393.03,2951.96,1437.77,1426.05,976.55
d11944fbca2dd6540f18bd05b6ccda0c,250.868,251.515,10000.0,10000.0,10000.0,10000.0,10000.0,10000.0,10000.0,10000.0,10000.0,10000.0,10000.0,10000.0,10000.0,10000.0,10000.0,10000.0,10000.0,10000.0,10000.0
d1940d3d830eb16a7d2270ca4af4acba,746.307,792.059,655.718,126.415,214.445,154.049,423.625,1235.35,1080.39,167.955,222.066,555.384,553.538,126.298,2130.74,138.356,1188.68,681.833,291.314,203.281,622.399
d195412a62cdcbb851136f60af76f463,320.606,329.173,254.852,277.289,296.778,10000.0,260.023,318.218,250.627,119.853,120.047,236.099,206.603,99.7833,105.338,101.139,424.895,296.151,296.198,255.35,90.1092
d3893e43819a907055a84e48a6ee97ba,1154.04,1430.99,710.201,1.72371,1.66033,10000.0,10000.0,10000.0,10000.0,32.3466,32.3487,1.70623,1.68473,32.3467,32.2604,640.673,10000.0,5.50494,5.43335,5.31697,1.07219
d40a68825bdbcdd7642b249325a7b6a2,10000.0,10000.0,255.853,610.491,3272.94,10000.0,991.004,947.352,493.204,10000.0,532.625,349.271,10000.0,10000.0,10000.0,160.972,10000.0,561.697,10000.0,10000.0,107.744
d5f6b2092795aad67d1df1fd3a329552,2476.93,2563.97,2829.51,2444.8,2873.23,10000.0,10000.0,10000.0,10000.0,3631.46,3570.81,3493.56,3570.59,2248.94,1926.61,2685.06,10000.0,3197.91,2952.19,2831.92,2864.64
d7627176604d5b86f34d2f5d14d8ee99,10000.0,10000.0,10000.0,10000.0,10000.0,10000.0,10000.0,10000.0,10000.0,10000.0,10000.0,10000.0,10000.0,10000.0,10000.0,10000.0,10000.0,10000.0,10000.0,10000.0,10000.0
d7dbb2cba940af33b2bce37ea99b8110,712.488,852.829,584.222,566.883,655.915,4812.81,344.476,300.552,365.27,874.971,938.526,775.172,868.691,591.769,616.776,418.021,135.6,646.231,622.269,630.355,101.741
d7f2e4ec8e631387c928c79e1054c663,1940.73,1984.44,1806.35,2867.6,3454.28,10000.0,3741.17,4174.22,4154.37,4200.1,4139.68,3696.45,3717.08,2210.03,1712.89,1750.18,10000.0,2874.6,2469.77,3430.13,1549.64
da929c2aefde5e59878ad87c4323e581,10000.0,10000.0,10000.0,10000.0,10000.0,10000.0,10000.0,10000.0,10000.0,10000.0,4363.99,10000.0,10000.0,10000.0,10000.0,10000.0,10000.0,10000.0,10000.0,10000.0,10000.0
dacb03ea801d459ef08db23a8b1d104f,10000.0,10000.0,10000.0,10000.0,10000.0,10000.0,10000.0,10000.0,10000.0,10000.0,10000.0,10000.0,10000.0,10000.0,10000.0,10000.0,10000.0,10000.0,10000.0,10000.0,10000.0
dafc03ea784fee849febca7b64230558,1326.2,1340.83,10000.0,10000.0,10000.0,10000.0,2117.19,10000.0,1400.78,10000.0,10000.0,10000.0,10000.0,4756.63,4737.09,2579.06,2314.61,10000.0,10000.0,10000.0,1701.02
db15a85651e0d941a11bf8640625edd8,10000.0,10000.0,10000.0,10000.0,10000.0,10000.0,10000.0,10000.0,10000.0,10000.0,1446.06,10000.0,10000.0,10000.0,10000.0,10000.0,10000.0,10000.0,10000.0,10000.0,10000.0
dc7817dfa2817916b266c1cfacd2ee66,2368.06,2000.22,345.194,548.354,214.395,389.72,261.002,573.352,396.335,266.806,511.514,276.326,899.238,762.328,662.54,334.74,253.651,346.449,349.431,399.023,200.219
dcf5b8224d1e0748871c83ee10067255,10000.0,10000.0,10000.0,10000.0,10000.0,10000.0,10000.0,10000.0,10000.0,10000.0,10000.0,10000.0,10000.0,10000.0,10000.0,10000.0,10000.0,10000.0,10000.0,10000.0,10000.0
dd57f6ebf07a7f932a82bed1877788e6,855.087,836.432,582.704,539.809,555.695,10000.0,384.986,473.943,439.739,816.531,828.928,575.179,676.617,502.302,543.678,632.634,636.925,577.581,573.665,547.833,306.692
dd5fc8da5454a990a0e7999884158c64,375.417,412.253,89.8608,108.459,102.614,241.333,247.088,193.131,213.497,145.05,134.986,205.113,149.812,68.8776,118.535,88.2744,81.4536,359.641,391.444,393.204,121.594
dd7164f2592c9675618c5c99af9b70f3,10000.0,10000.0,10000.0,10000.0,10000.0,10000.0,10000.0,10000.0,10000.0,10000.0,10000.0,10000.0,10000.0,10000.0,10000.0,10000.0,10000.0,10000.0,10000.0,10000.0,10000.0
ddc0720fa5a91d9cc0dc726644ab9e9f,53.6662,63.0033,1.69032,42.58,33.4537,128.057,2.46094,3.01121,4.22049,116.817,70.29,175.771,165.189,123.306,175.938,1.1381,1.44919,54.5544,54.4882,54.5109,0.384703
de7a6b03999e2bc5bd750831c2662a4d,0.22611,0.227915,751.504,293.411,3543.28,705.089,3215.49,701.832,2153.51,287.238,368.798,198.901,2187.53,10000.0,10000.0,16.3165,10000.0,117.379,386.032,2209.32,229.481
ded23680dfeab2879c05bc0e4de21126,243.581,286.011,217.192,196.914,145.049,10000.0,223.46,253.149,308.19,89.8104,85.4865,196.626,198.026,83.3868,84.3524,74.5101,243.144,219.13,217.97,218.5,54.5434
df1bd67978b9b0ec1d326ba174bc273c,3229.36,2789.49,124.403,65.7476,655.395,10000.0,4527.4,1248.51,4170.25,3980.39,737.94,10000.0,10000.0,10000.0,4542.89,183.787,10000.0,10000.0,10000.0,10000.0,521.437
e067414e153ee98a7842bd6d6dafeee5,175.632,179.7,445.282,656.378,225.063,3648.65,87.3311,349.62,292.844,475.368,249.406,841.904,253.826,905.841,399.397,630.065,705.024,1373.56,866.516,712.25,621.814
e06be7a69dbd6d6866a2799cd40c4bfe,10000.0,10000.0,10000.0,10000.0,10000.0,10000.0,10000.0,10000.0,10000.0,10000.0,10000.0,10000.0,10000.0,10000.0,10000.0,10000.0,10000.0,10000.0,10000.0,10000.0,2.7254
e08f11f0a3bd266ee5c78ce332de107f,532.364,614.789,577.643,538.694,601.959,10000.0,753.412,822.686,689.877,398.765,387.855,638.537,624.386,457.177,405.821,385.427,685.29,591.118,562.203,561.803,175.362
e0bf26a7527cd162c7d3016d4b2ab9fb,558.517,369.369,453.772,129.608,47.0299,626.786,357.447,352.718,53.4121,371.045,271.283,297.044,40.091,447.699,262.568,165.625,10000.0,122.863,126.613,233.725,45.4847
e2deb375e56da2360ecd08fc1179fb7d,1249.96,1323.48,347.402,561.27,436.455,4645.95,273.699,460.196,797.634,673.313,673.643,495.118,497.34,600.994,531.815,366.676,347.129,515.065,409.981,483.585,143.365
e371cd7cdde3e7ccb9834290fd4a92d0,2041.4,1918.36,10000.0,1204.86,1191.05,227.971,115.971,113.545,113.592,2392.31,1059.76,1963.06,623.997,646.621,641.708,1572.39,10000.0,1717.98,1707.81,1707.29,334.731
e38601380bfbab35dd8c5927283533fb,10000.0,4025.71,10000.0,2750.11,2740.55,10000.0,3291.26,3717.53,4522.26,4226.65,4183.98,4414.99,4265.86,2486.64,3160.56,10000.0,10000.0,2953.88,2793.34,3473.02,2483.52
e481a97a93fd6b4303f39024d19c2867,152.387,142.137,27.5917,562.092,44.7751,168.316,24.5292,19.8306,22.0846,696.301,162.039,226.854,167.284,44.6714,995.227,78.718,3937.26,240.342,412.06,179.614,16.8902
e6cdc2687fa53506021f05b60ad0c6a2,79.7852,82.0893,54.9781,198.687,56.9332,284.936,19.9351,51.3893,51.3703,32.5396,94.8329,50.3824,66.1657,158.651,63.1694,33.3186,49.9098,49.4359,112.468,19.6292,36.6969
e7248b57a310ad461924eb17956cdf3a,10000.0,10000.0,1773.35,10000.0,10000.0,10000.0,10000.0,10000.0,10000.0,10000.0,10000.0,10000.0,10000.0,10000.0,10000.0,1355.73,10000.0,10000.0,10000.0,10000.0,1270.05
e84b00b1f134e0e071a2baf54cfc90e8,699.587,658.703,345.75,347.974,356.811,1393.59,662.526,686.028,658.615,453.708,537.135,481.0,454.005,325.787,284.301,342.896,953.301,452.457,388.588,403.317,436.88
e85e793a66a2c9d390f40acf29a5346b,10000.0,10000.0,10000.0,10000.0,10000.0,10000.0,10000.0,10000.0,10000.0,10000.0,10000.0,10000.0,10000.0,10000.0,10000.0,10000.0,10000.0,10000.0,10000.0,10000.0,10000.0
e85fb114c33f450dc2622c78bc6fa019,233.915,236.056,686.609,80.595,80.6427,69.4362,44.3816,44.4618,43.8376,448.539,443.682,83.9029,84.7641,441.952,444.795,434.262,428.984,321.571,318.83,314.634,59.8633
e8abb9c83efdd96a99990f3b914ea873,480.365,483.965,2876.16,434.611,994.978,40.0859,397.965,348.585,348.633,1145.05,1194.23,1130.77,1057.16,518.615,822.677,1005.13,629.74,524.516,518.306,516.954,151.249
e99e266b422513a2898c13898a1de501,362.754,330.373,132.863,47.6023,21.7998,106.388,322.252,471.546,471.461,526.432,106.151,279.016,227.39,170.078,33.7713,37.6961,87.567,0.733119,0.743303,0.733236,188.065
ea827f81bd0e9735739adc0d9da1b446,1273.19,1331.2,1659.24,2296.44,1928.01,10000.0,1612.25,1729.99,1796.41,1599.8,1513.55,2642.16,2655.49,979.921,1087.77,1279.5,10000.0,2416.02,2217.87,2371.45,1238.26
ec84eecb124c63d4757e083dd0e5a9ff,362.554,372.233,67.2607,201.915,313.099,1362.96,83.1925,106.456,99.7295,653.674,352.02,646.869,441.467,248.346,278.731,127.218,228.406,184.25,489.314,539.378,506.585
ecca77b5350eca6a4323edd5b38208c6,206.493,188.036,161.864,4125.24,606.658,269.681,303.584,672.809,164.101,3017.29,1092.45,10000.0,673.85,139.932,709.367,177.587,10000.0,107.385,3641.03,184.184,115.508
eda4aa84aeeb306468396fa82a6bba5a,66.6402,71.5397,97.4358,108.534,79.3132,178.538,130.959,174.887,71.4966,146.728,145.283,128.713,133.539,314.704,131.917,70.782,4844.94,353.208,87.1047,86.999,90.3698
edceb8782e72e290fa54757dbfdd0173,230.193,305.745,120.795,106.327,99.4454,10000.0,151.47,173.554,214.387,78.2956,74.1882,119.836,127.928,59.1532,58.6622,64.6897,132.024,168.726,154.45,147.848,97.2783
eddd68e14d69cce7190b99f4e7abdafb,16.8547,17.2646,283.949,217.935,342.858,68.2642,152.323,42.2595,115.498,240.99,124.632,16.0467,25.562,4.17791,55.7471,95.8426,9.03048,11.3267,11.2391,11.3558,37.6459
ee57608ea4b74f25aebca809d59711c9,10000.0,10000.0,10000.0,2260.41,4672.64,10000.0,3465.97,3831.49,10000.0,4629.57,4971.35,4011.94,4100.4,2047.04,3460.13,4546.4,10000.0,10000.0,2668.64,2686.46,3502.34
eed5189b73738270ae3fdb8b33bf31c8,10000.0,10000.0,180.015,488.058,10000.0,10000.0,1537.6,1223.78,1321.81,612.131,10000.0,10000.0,10000.0,10000.0,10000.0,128.051,10000.0,687.05,4763.93,10000.0,91.2064
ef16970ab9da31165d3c401ff9b29168,10000.0,10000.0,1497.11,10000.0,10000.0,10000.0,3311.36,1178.89,2514.22,3242.2,10000.0,10000.0,10000.0,10000.0,10000.0,448.943,10000.0,10000.0,10000.0,10000.0,418.88
ef330d1b144055436a2d576601191ea5,6.45092,6.28736,1.8384,1.58389,1.02901,2.0014,1.18838,1.87593,1.40396,0.915542,0.86636,3.79399,2.88717,1.5744,1.09551,1.6956,1.31726,1.53721,1.53543,1.53625,2.56272
f0426369f61595aee97055965ee7e6a3,10000.0,10000.0,10000.0,10000.0,10000.0,10000.0,10000.0,10000.0,10000.0,10000.0,10000.0,10000.0,10000.0,10000.0,10000.0,10000.0,10000.0,10000.0,10000.0,10000.0,3.17066
f054205a7cef98e5021016f864c69816,30.4702,40.1531,1111.2,13.6137,92.0798,174.726,56.0598,16.7098,15.5436,16.9672,52.1358,36.7676,54.1765,40.0407,47.5955,26.9347,39.8398,67.8797,67.7482,60.5085,20.4903
f15ad4206d95a3f8f1358b33301539be,1005.75,1021.6,946.708,832.812,1028.23,3335.78,1296.79,1390.85,1383.68,1495.76,1509.09,1215.16,1238.45,953.018,918.103,1093.63,3169.94,1176.23,1110.86,997.913,873.996
f16b7329ef5728f722c291156b3b098e,1128.35,1159.06,1132.39,957.373,987.12,10000.0,1289.78,1139.08,1073.45,1437.3,1481.27,1510.54,1314.8,1001.68,1169.03,1182.22,1925.28,1387.01,1243.4,962.989,1037.68
f18c7c7b8666458fd04ea7a253ae1e20,331.738,331.182,10000.0,791.136,793.115,129.357,215.532,227.007,261.091,1509.9,1232.99,1014.56,1108.57,709.514,524.951,10000.0,10000.0,1216.82,1099.83,715.037,774.749
f296fe701a562022c0de0cf565fbca7d,157.331,184.429,58.438,63.7061,62.8503,1095.92,103.825,101.612,101.463,25.5529,25.9136,79.3679,64.9277,20.4289,25.8812,26.3365,82.5735,80.1998,81.5436,82.0073,24.5139
f32bb347996c351bc3e9a91c58e8601d,452.954,23.5572,406.965,934.768,351.173,2564.39,283.087,356.066,210.199,1176.57,385.312,1025.85,1133.62,215.613,10000.0,829.98,10000.0,1396.82,153.626,66.7023,1368.05
f376d4c191518ed704326960b6b19a4b,511.002,511.884,542.798,474.659,502.091,10000.0,797.395,829.362,647.334,469.053,368.953,533.3,498.318,383.262,384.217,290.591,907.683,549.29,553.016,561.86,152.499
f45e5faf1bcccbdd3065dd6367c3bd16,539.718,555.165,585.795,501.516,499.337,10000.0,692.057,848.744,906.864,427.295,423.082,576.21,560.065,345.404,401.904,261.936,783.329,573.972,621.284,548.354,175.389
f48735588e3515135f039e8bc8efaee5,352.255,94.5819,588.963,230.993,227.868,1091.95,10000.0,10000.0,1054.81,166.794,818.391,763.84,768.323,561.888,440.586,349.04,395.158,238.145,239.159,239.735,128.837
f50eaf02a8041510b64104998cc81d2f,180.503,220.635,146.932,139.484,99.0193,116.022,46.2139,45.2524,108.884,208.563,135.851,32.0468,102.226,106.302,412.333,48.5686,355.65,27.306,27.2606,110.085,5.83725
f54b352934be08821aa75b3424112956,771.571,788.444,1960.28,801.093,1224.04,37.2936,824.065,734.7,864.601,954.805,1235.62,580.575,427.486,515.699,1102.42,389.253,629.491,2604.83,1463.61,1454.69,120.828
f561c52b987bdb9031a477864070b759,55.9181,56.2458,231.805,1595.61,332.41,10000.0,74.5408,69.1595,478.982,117.037,366.72,65.8277,420.158,10000.0,10000.0,99.9289,10000.0,428.065,2259.04,232.881,150.462
f70788e8446c1bc42684316de0a6c164,10000.0,10000.0,10000.0,10000.0,10000.0,10000.0,10000.0,10000.0,10000.0,10000.0,10000.0,10000.0,10000.0,10000.0,10000.0,10000.0,10000.0,10000.0,10000.0,10000.0,2.42781
f746dae2050dd4aa48bcd53e8bd897b4,21.5632,4.33813,138.963,4765.42,10000.0,10000.0,786.023,10000.0,1837.26,2119.75,808.745,311.757,10000.0,1778.79,10000.0,10000.0,87.1666,1765.08,10000.0,10000.0,1859.21
f7e855b18105170b0718086d3f5b5923,246.149,246.844,234.91,696.328,176.8,1317.55,85.0501,249.926,471.542,275.037,1172.11,188.521,963.86,4233.46,3479.58,54.9206,10000.0,1410.22,221.056,603.896,223.403
f8443057c188f6c9cfb711ff3d4aa6ff,2661.49,2601.45,138.055,96.7227,108.549,269.159,142.404,132.932,151.959,291.329,315.774,105.376,123.28,293.196,276.508,326.262,338.063,120.944,121.193,102.86,115.71
f86dad4ba35369eb720a0c9ddc45037a,10.2382,10.4932,10.1385,481.505,39.5443,1945.21,10.7593,35.1154,15.7091,32.8336,93.846,3.21004,9.37638,48.1011,3361.21,16.6669,10000.0,98.8065,87.6432,52.124,8.23709
fa50d69adc71fe4daf7f9088cd02864a,10000.0,10000.0,10000.0,10000.0,10000.0,10000.0,10000.0,10000.0,10000.0,10000.0,10000.0,10000.0,10000.0,10000.0,10000.0,10000.0,10000.0,10000.0,10000.0,2233.39,10000.0
fa5c6d6736a42650656c5bc018413254,10000.0,10000.0,0.219983,10000.0,10000.0,10000.0,10000.0,10000.0,10000.0,10000.0,10000.0,10000.0,10000.0,10000.0,10000.0,10000.0,10000.0,10000.0,10000.0,10000.0,10000.0
fae08ac5b6d7eeb4f56f1cfac6c51703,895.071,885.885,796.156,708.4,698.938,10000.0,799.078,922.477,887.51,1069.58,1143.0,1040.64,1043.9,774.909,730.83,789.131,1030.5,863.613,750.596,778.905,655.367
fb0e505b8bd19a34f1f80b8e020e7856,632.492,591.242,80.6592,79.6694,80.9332,221.946,104.499,99.6798,95.4026,288.753,288.279,63.548,91.1533,279.888,276.866,276.166,323.669,83.9387,83.9671,69.0077,83.8513
fb45d41807bcbbbe689de282c1310798,10000.0,10000.0,10000.0,10000.0,10000.0,10000.0,10000.0,10000.0,10000.0,10000.0,10000.0,10000.0,10000.0,10000.0,10000.0,10000.0,10000.0,10000.0,10000.0,10000.0,10000.0
fb51311320bb42bdb893249998a77f40,328.794,367.939,175.277,187.805,210.003,709.568,237.948,272.671,245.361,322.845,318.303,258.807,277.24,222.908,273.258,225.032,419.995,249.969,236.907,187.173,174.398
ff9e9b01d50d01ecb6740472d7dd36cd,467.232,639.9,116.756,350.822,366.23,460.24,244.961,732.192,506.743,1974.3,1258.35,699.688,1425.18,948.261,1000.47,268.329,347.982,788.684,654.758,654.329,1220.6
