hash,biere-gimsatul,djamegni-sbvaprspakisinc,qian-prs-thread32,qian-prs-thread64,saoudi-painless-par1,saoudi-painless-par2,schreiber-mallob-impcheck,schreiber-mallobsat,tchinda-prs-pakisinc,result
00d1fe07ab948b348bb3fb423b1ef40d,1858.814,634.333,609.814,576.505,746.169,750.386,721.169,947.918,601.454,unsat
02066c116dbacc40ec5cca2067db26c0,1.104,2.885,2.427,3.259,1.703,1.811,4.568,3.172,2.619,unsat
0265448c232e3a25aa5bcd29b1b14567,59.803,63.4,73.177,68.318,133.091,142.363,42.61,60.727,86.868,unsat
02e4f23ed59566d343b605dc2cc30a01,10000.0,10000.0,10000.0,10000.0,2756.692,4878.126,10000.0,10000.0,10000.0,unsat
02f6ca52f1ada872d82035088701b66a,212.77,423.608,175.748,168.504,36.287,35.239,86.376,213.287,165.618,unsat
04ded94454830d4ea960327e8b91f5a3,4.079,39.278,24.532,17.544,14.985,3.581,10.39,7.083,4.405,sat
04e219c640ed59dc68ea2d50493de5b5,0.568,13.337,7.355,4.605,10.092,12.384,17.903,6.889,4.839,sat
05c8e94aaee86390eaf6e68dd3ec3570,2555.294,145.755,82.284,34.88,11.135,18.274,510.673,226.267,402.194,sat
05ed64e4e6229f446082752936768489,18.239,36.821,19.238,18.258,40.06,40.47,20.195,12.194,24.335,unsat
07b476c83150d3cb7e08f5d045e255ab,10000.0,0.059,0.03,0.032,0.061,0.06,10000.0,10000.0,0.031,unsat
07c50b89d97a55b6e1629999a445a2ba,140.377,161.87,135.488,119.912,218.078,246.999,141.524,123.003,146.838,unsat
07e6413459f92b613498a719125b6239,8.337,11.556,9.8,11.469,10.023,9.309,16.824,9.899,10.281,unsat
0876c518e5653369e20fb1ee0bb8db40,5.727,5.923,10.896,27.283,28.343,17.054,9.946,16.238,29.089,sat
089f909e37b3ef0c4d90687f7e22b68f,0.852,293.048,292.595,304.431,437.965,439.269,0.98,3.976,298.874,sat
08be288536c3178e6874a5676493923c,10000.0,1840.959,10000.0,10000.0,1494.692,1464.62,10000.0,4342.806,1887.917,unsat
08ccc34df5d8eb9e9d45278af3dc093d,0.595,208.931,257.676,273.861,372.276,386.963,1.067,2.775,218.641,sat
093fa3ff9f7bc9979c43f9d2310ac21d,332.9,400.882,92.165,10000.0,277.205,300.78,568.842,419.384,77.245,sat
096e485489025895cdc59887baafa08b,931.997,738.277,789.993,10000.0,615.358,1177.617,2887.311,776.552,498.805,unsat
09b61bbf19748094a7d896aac314ab36,221.107,186.19,78.585,118.177,44.197,60.852,274.742,11.289,90.274,sat
09c1b79b1cfe3522364fe60aef780703,34.549,7.453,1.105,0.308,19.674,56.729,19.217,6.944,8.611,sat
09d7add3bf3b75c5d1023a92e752989a,0.022,0.226,0.196,0.205,0.115,0.113,1.055,0.573,0.195,unsat
0a02751cacf5e1cdfcc842a7f220199f,1641.385,10000.0,10000.0,10000.0,10000.0,10000.0,10000.0,857.748,10000.0,unsat
0a27eb7c16c1e69ff4d087d217ac89cb,723.224,914.0,99.104,237.596,10.131,21.086,845.92,187.355,1004.617,sat
0ac5ff376b826f68d384ba05a1d00de0,10000.0,10000.0,10000.0,10000.0,10000.0,10000.0,10000.0,3642.099,10000.0,unsat
0ac6aaf6db6a0e4ec3a06e865d01086f,22.692,37.848,29.744,25.773,45.817,50.028,28.488,47.214,32.733,unsat
0bad2ce307bf5b68db26fa34e252c9d4,77.054,237.333,66.225,26.591,34.847,76.375,39.366,47.0,52.855,sat
0cace8a29a1d6b225a8da561d35e8f5a,857.046,383.399,85.381,10000.0,279.233,280.475,139.502,88.955,70.738,sat
0cfe9c90d3a51435a5e4dba7634b882f,13.871,505.35,4.098,94.282,30.597,138.238,3.149,271.615,200.609,sat
0d3160b80aa406bfc718c007265b9e73,85.551,358.484,195.378,86.006,33.052,35.087,80.471,177.168,112.648,unsat
0d3fcbb89bfb8e821058ba3ea4284de1,208.686,8.419,6.38,14.551,10.389,23.871,38.996,61.29,12.772,sat
0d81711a3d73c828e8c6e12607eda82d,34.711,38.48,66.374,12.645,0.407,0.411,73.577,25.291,4.708,sat
0e5ffe8651c6d9c3cccc3f6cb72be39a,130.839,73.452,51.469,59.997,86.036,75.993,390.067,95.872,62.754,unsat
0ef029cb7616d4a89eb6d1f63e89f67e,10000.0,1.765,10000.0,10000.0,4.144,3.917,2735.395,10000.0,4009.536,unsat
0f262afd5b117000f8b4734d175aadab,322.41,417.613,55.422,107.747,42.939,39.237,83.485,211.85,214.483,unsat
0fa8623240b5c14c1308f863a6dc88ab,10000.0,10000.0,10000.0,10000.0,10000.0,10000.0,10000.0,10000.0,10000.0,unknown
0fa9521ff633b27be11525a7b0f7d8b6,3.475,8.868,4.224,12.278,2.544,4.565,10.279,12.785,13.724,sat
1009c791cee542cdf19651fe25e6881a,2.432,4.44,2.97,3.052,2.454,5.788,7.79,2.987,3.418,sat
1156429862d3c03160406d6d1a786f11,10000.0,10000.0,10000.0,10000.0,10000.0,10000.0,10000.0,10000.0,10000.0,unknown
1165e12b6addad01b491c4616306186c,10000.0,10000.0,10000.0,10000.0,10000.0,10000.0,10000.0,10000.0,10000.0,unknown
11cc532ecddfb10a47e0a869b4867c1b,1826.256,1203.575,10000.0,10000.0,3705.676,813.506,10000.0,10000.0,715.01,sat
12b4a08e412a3bffb513ca65639c7c69,922.25,384.687,300.25,875.049,1.685,1.401,841.733,52.428,195.277,sat
13ae2628d8e113db1786dba41a65fe38,33.674,3.544,1.703,6.323,5.587,18.108,3.588,12.462,12.71,sat
1427381a809c64c721838894ece6756d,9.988,209.246,6.789,7.991,6.805,7.407,11.377,4.977,6.016,sat
14e4cfcf0d83b2185fad41684d00d4dc,1.543,15.259,10.116,68.325,43.403,1.416,19.609,5.587,5.609,sat
14ea5857d75ae2b235a3ba97373ea732,280.9,345.182,132.273,134.049,231.173,222.521,185.654,196.25,143.722,unsat
1507d9812624b3e0eaf15e40100be020,14.788,0.345,10.819,1.918,63.401,13.827,13.903,7.981,3.003,sat
1545660e72158c7e90da5ad4c877a124,10000.0,10000.0,10000.0,10000.0,10000.0,10000.0,3578.659,10000.0,10000.0,unsat
1548977b4e27032fe07cda357782cd6a,398.429,305.856,306.054,285.027,506.432,474.613,142.205,320.275,306.406,unsat
16c27d738cb45b766b8823ca4f428cf0,9.425,60.093,1.05,1.979,0.762,0.705,23.453,13.366,2.045,sat
16c5482d8e658b54e20d59cfd4b1d588,1718.021,8.338,965.637,272.509,1070.805,681.211,169.737,485.901,458.113,sat
16ca57f2cdffd5b0260fc771017e1f04,10000.0,10000.0,10000.0,10000.0,10000.0,10000.0,10000.0,10000.0,10000.0,unknown
170a7d847694ee4cfa5c421757672882,155.172,276.925,74.756,82.648,128.149,120.436,100.678,136.392,72.801,unsat
170b13af977e962321c493544b2bd0a9,4.837,11.923,8.163,9.47,9.349,8.828,18.092,9.112,9.836,sat
18c0eb461bda29214bd43b84199a3b61,10000.0,2641.494,10000.0,10000.0,10000.0,10000.0,938.882,10000.0,10000.0,unsat
195852083a05edee1902233698eec14a,6.855,13.857,10.916,12.238,4.864,64.805,4.078,11.689,52.443,sat
19e2c3a0865c8c1b4543d11213bebe5f,3.837,10.248,8.211,7.929,15.838,13.901,7.381,6.878,10.208,unsat
1a1c9d1dc1ae7fcff92e3c3499864b75,86.401,237.788,36.973,42.116,54.915,53.01,69.854,75.847,36.876,unsat
1a20d903db74ab566efc68a35e6b0ec5,10000.0,10000.0,10000.0,10000.0,10000.0,10000.0,4134.804,10000.0,10000.0,unsat
1afa2d7a3d817c3149da432eece66da8,7.263,213.956,9.208,13.406,10.22,8.841,40.922,12.284,7.604,sat
1b0f4ff7984b8d4cf2873200fb1680fb,314.301,332.845,116.773,139.261,205.448,218.805,186.152,253.606,123.198,unsat
1b3c7ac17705be94daaddb5f5ae4816b,830.282,189.047,328.691,384.128,382.57,414.384,3181.328,1032.407,293.286,unsat
1e0da402100982e53001a64281149dd9,127.462,283.805,25.386,42.898,32.575,32.286,72.269,47.954,26.15,unsat
1e3c3e8d349759b8b482a6f2721762c4,10000.0,159.482,10000.0,10000.0,875.149,924.614,2741.988,30.347,109.767,sat
1e74212168124b696531fed471b480b1,10000.0,10000.0,10000.0,10000.0,10000.0,10000.0,2810.595,10000.0,10000.0,unsat
1ea68d0008f01c50a1e4fec77dd0775e,549.707,125.638,10000.0,10000.0,154.878,159.776,10000.0,10000.0,886.686,unsat
1f44da3598ccf8bcbe9a90fb1b2f1ebd,10000.0,126.468,664.122,829.1,154.259,132.906,10000.0,10000.0,312.411,unsat
207b28c3cefc55b143259222cbfd4962,1457.142,1061.192,10000.0,10000.0,793.209,824.403,399.788,3320.823,10000.0,sat
210fe1c0ffefde5bcd03d59b1efa6984,749.929,290.672,67.889,10000.0,253.887,250.172,254.312,82.51,56.271,sat
2115182958f6cfb5a172a24f989b86dd,195.187,54.329,95.966,123.376,143.204,121.388,1014.174,188.453,106.732,unsat
22b4cf412c811872d6ba5078106aeb6c,5.299,3.059,1.085,2.308,3.804,5.663,5.971,4.178,2.573,sat
23daec2c71ce3c1e346e6042f3dc42eb,10000.0,10000.0,10000.0,10000.0,10000.0,10000.0,3215.941,10000.0,10000.0,unsat
24bdfb34654b1aa703fae31ea91e7c7f,10000.0,0.059,0.031,0.031,0.062,0.058,10000.0,10000.0,0.031,unsat
25447f441df2f134223d3e43319c99ad,263.296,563.271,510.098,504.078,514.899,577.329,319.657,306.634,462.554,unsat
25cc054738293c0d9377d7b72b78a341,807.595,621.772,286.594,320.446,319.786,320.282,698.926,226.764,300.588,unsat
26254890fa7107f85242ec9190da2a7a,37.892,624.836,75.246,399.69,184.642,279.833,536.565,132.81,234.099,sat
26b648475cfd06695a17ac95f4469744,373.97,273.054,55.688,76.256,265.266,271.413,334.046,115.427,46.092,sat
278aa933fdef642f33fb02a2b18717c1,143.231,88.53,82.509,77.264,101.583,102.86,89.567,96.56,86.884,unsat
282a02a1743eb47c6b340e52ecce40a2,513.089,266.798,49.742,71.029,171.363,165.089,86.473,53.764,41.146,sat
29ab150158d641568f888e8401d2ac13,968.339,299.42,101.086,117.524,113.547,110.43,479.159,394.22,96.491,unsat
29d86d9a3b85c349e10ad68d7a713da2,10000.0,10000.0,10000.0,10000.0,10000.0,10000.0,10000.0,10000.0,10000.0,unknown
29e61b1317804fb897e84237613d42bb,10000.0,10000.0,0.071,0.075,0.118,0.113,10000.0,10000.0,0.072,unsat
2a15a30186afdad41a49c5c5366d01be,11.318,30.24,26.071,22.823,74.416,102.035,6.547,23.497,16.086,sat
2a53e9c6a25a50d753a94ead66065826,4.758,11.115,10.949,11.591,11.189,9.949,9.477,8.179,11.732,unsat
2b032f8a8976a302ad125eb50a3e8445,32.966,21.655,17.658,9.559,18.862,12.872,129.418,19.695,9.893,sat
2b043efb4bde6d83f7c95a8e8e2d7bf8,1.489,268.579,270.051,278.687,503.032,519.068,1.073,0.997,272.657,sat
2b60f9be1439f63b7f174c6b8ca7fedf,10000.0,10000.0,10000.0,10000.0,10000.0,10000.0,10000.0,10000.0,10000.0,unknown
2b8a711debc3a6edd01e7b4e305342d9,10000.0,10000.0,10000.0,10000.0,1057.626,1064.395,10000.0,10000.0,10000.0,unsat
2c3c28f6d939d157e909c57a265fc908,1584.332,1043.762,598.024,889.655,705.503,543.835,571.516,2342.094,873.236,unsat
2d6d26e1c5b4f2763c03697a6d00d3cf,10000.0,938.316,10000.0,981.605,281.04,422.936,382.919,676.667,1132.704,unsat
2dd4b14a8a820e7baa073554ae2c6cb0,10000.0,10000.0,10000.0,10000.0,10000.0,10000.0,10000.0,10000.0,10000.0,unknown
2eb039a5aa6bfb6e41d3afd41071ca55,34.336,56.479,17.303,15.022,30.592,28.645,12.215,6.29,20.797,unsat
2fcd8533eba981967292f1b6e41f7433,1.227,264.987,278.353,351.148,501.947,496.006,1.069,4.846,267.097,sat
303480ca7e8322d771c94caf4ebd4e95,3.124,8.8,5.046,4.88,4.289,4.695,11.782,5.378,5.196,sat
305ad7d773d6c72be9b1efbf7bf482e0,104.816,464.011,475.898,812.167,118.953,116.419,247.479,60.934,482.433,unsat
30f0db845937bbda3ffde60e5ed4cb3f,10000.0,4462.182,10000.0,10000.0,215.427,5.073,10000.0,639.263,1680.222,sat
3129198788f182ce6955b18aa3c7e61e,2.086,382.33,383.796,326.591,610.678,609.821,1.072,1.128,397.768,sat
3184e52e950ac39095a801c418f68d50,255.863,207.01,167.044,175.93,276.275,262.926,108.483,235.188,192.432,unsat
31bb67fe67e57dbeb8c4819b01892588,2922.497,1877.676,10000.0,10000.0,2321.416,1984.148,1703.907,1073.734,1645.458,unsat
31e788a12ddc8b43ec20e77d53abaa23,4377.087,189.008,10000.0,10000.0,336.926,1016.737,75.195,206.25,10000.0,sat
32585e66749f42e161e94fc49fd64750,30.851,10.198,12.78,12.223,13.717,14.112,37.914,116.881,12.562,unsat
334aa882de28856fc8c75885285d2a3c,385.343,301.029,301.516,347.832,323.788,326.019,565.488,402.362,348.689,sat
34fa0922e66aee3b6f6ffe1760f459d4,40.693,62.063,58.83,66.703,60.149,63.203,87.995,84.766,57.194,unsat
35789168b67a74985804902008251269,10000.0,0.093,0.038,0.039,0.068,0.067,10000.0,10000.0,0.039,unsat
3593875d75d6e836a3ac328c5426c1b5,1563.301,409.691,1066.177,949.344,3082.346,965.443,3512.323,2086.345,322.917,sat
36dbc206c7d9773bebb03f752070cee9,209.836,10000.0,10000.0,10000.0,3061.767,2443.823,913.381,10000.0,10000.0,unsat
37a11ae189df2834a3f294736f34608f,474.446,331.374,325.573,389.633,441.564,479.656,113.826,258.207,357.342,unsat
37ca184832fc6fa43a22ae900f1756a2,63.764,239.025,60.229,68.341,46.839,54.746,100.079,99.572,47.141,sat
385042a6042a0df5ddfec6e17f285ae7,156.573,220.633,152.56,141.323,165.939,150.291,156.227,128.283,176.138,unsat
39277cab188349aee0f229cb7341b5c5,82.995,335.985,73.272,109.353,68.998,60.586,64.541,97.893,132.545,unsat
396fd56f3fd7b85afbba4254ea6e746c,414.777,359.024,185.699,245.866,348.975,327.665,100.503,112.723,183.802,sat
3988a60c6e93167763c6fd2a347d5859,0.028,0.324,0.22,0.241,0.144,0.268,1.293,0.573,0.215,sat
39fba35826ce8c87cd8e8de1969b2dd2,10000.0,2389.407,10000.0,10000.0,3797.183,3626.605,1125.404,10000.0,2325.2,unsat
3a75ad246dbc750a7391ad887c5b0835,0.876,8.55,9.411,0.205,1.012,11.932,17.286,1.276,29.825,sat
3b59c5d9b6729f39c8483446701f4ed0,350.747,300.954,194.781,179.022,181.342,225.501,498.484,210.291,203.533,unsat
3bf8ba6bb4e4ea9ad08b1b058661ba2e,2.7,3.957,2.421,3.523,2.887,1.639,15.301,4.536,3.401,sat
3c6e1d1c4b8d3d08aa4c1df3805f4f7d,108.333,77.201,117.323,120.675,204.633,171.496,70.452,105.34,132.107,unsat
3ed56242f55e3653dbceeb4a70221787,0.395,3.255,9.384,8.914,15.065,25.732,4.777,1.497,9.075,sat
4073757aae06fc2b50c043f088b132b4,1.02,312.576,321.094,312.439,491.561,506.189,1.073,4.469,322.083,sat
40737c2f46512069d54b0d2bb3b47a20,29.684,100.315,24.473,28.707,50.274,51.646,25.714,17.702,28.963,unsat
4106867bc76b8794330a205cf8a303ad,310.389,10000.0,10000.0,10000.0,951.103,782.658,486.918,1032.987,10000.0,unsat
41f4cb4992a481c9d43e2e1a4e2349ac,36.991,118.81,53.15,187.704,3.521,3.273,86.259,176.933,74.259,sat
4214f45042f8c504f9837afaec88bf8f,386.84,958.434,175.204,191.094,470.953,461.682,153.222,122.603,201.788,unsat
425c81fc3af7f5124b6282583d80df11,10000.0,10000.0,10000.0,10000.0,10000.0,10000.0,4484.031,10000.0,10000.0,unsat
43e492bccfd57029b758897b17d7f04f,8.547,5.648,4.793,3.864,3.529,9.202,22.446,3.785,4.22,sat
44c25de7963c45e92a2407ad839f6e8b,244.694,801.859,451.242,220.197,694.473,581.787,891.99,156.562,430.861,sat
44fd38bd0c5fc7336be468161dee4eda,62.267,168.384,98.324,127.25,112.716,116.882,109.719,93.467,95.05,unsat
4517202fdd0ccc8a97d83684b021ea96,1243.696,572.885,511.449,470.458,843.607,867.181,516.66,201.672,578.503,unsat
45a09efb026036ff4b8d19024a7563a9,10000.0,10000.0,10000.0,10000.0,10000.0,356.07,10000.0,10000.0,10000.0,sat
461df1a7056560279d532bc2743022b6,280.361,1034.159,10000.0,10000.0,1.855,1.87,10000.0,268.391,820.826,sat
462d72f9b78ab1cd080667ff12a114ac,10000.0,1351.15,10000.0,1194.164,1765.283,1543.395,1775.739,3029.861,1352.802,unsat
46d75199933980fdb856f13e5b1817dd,105.543,119.605,143.975,157.055,230.39,249.763,360.771,80.959,138.207,unsat
475803537529d9d14a034957f48a6d38,5.499,13.85,11.014,10.134,20.059,20.313,9.878,10.177,12.208,unsat
479b1413f8bd1d6fc0723856ffca9792,69.789,305.926,95.937,100.145,106.181,105.341,87.252,64.241,97.452,unsat
47e1ada0070708c2953d322c06aea00d,668.743,841.744,41.352,22.463,17.068,2.297,41.408,78.661,878.521,sat
4a8285a53f30b35016b0c85ea17ba155,8.657,18.707,15.07,16.972,14.607,17.324,80.58,15.5,16.035,unsat
4be4ae25aae88528bc10f8369bba86df,38.844,134.971,26.27,26.095,60.535,47.251,29.698,21.69,29.364,unsat
4c54efa61599e33d514bf718ff23ad09,1498.773,455.506,417.319,408.485,636.841,567.375,544.164,765.951,455.853,unsat
4d7f6efbae05b66ffbbd509a430d57f8,44.861,67.985,49.565,44.596,73.653,69.377,30.715,18.698,59.262,unsat
4e366e723d75fe39bf6db9a24ffb059b,2802.05,921.177,10000.0,10000.0,1490.347,1600.961,613.123,1532.048,1671.489,unsat
4f2d6659b5c9bf594ea12e3e1a85799f,10000.0,10000.0,10000.0,10000.0,10000.0,10000.0,10000.0,10000.0,10000.0,unknown
50019e4419d48196bb4b95933a8b5030,27.561,52.088,24.335,64.121,3.103,8.14,17.983,10.406,31.933,sat
511a2d81661a185c2115daec42270dec,663.348,332.451,178.838,203.204,144.826,198.997,266.013,266.418,153.096,sat
52aaf653a79ca14fa1127cda32aa94ce,45.748,42.683,603.339,13.752,0.882,3.481,21.515,12.084,80.968,sat
5411047bc24f4321f0e490e01e4a0910,57.954,50.096,46.175,53.349,41.832,38.356,116.165,32.814,52.031,unsat
5432e4dd44480fadbd66647db1750c80,197.15,461.555,366.677,954.983,631.023,3169.009,200.405,2956.643,456.291,sat
543e67dd5abc272c37775b1b742a1d9a,18.515,221.067,8.14,28.643,66.029,114.025,42.832,6.885,7.742,sat
54c2da6d387a6f5ad6e014ae4d4decfc,3.797,2.246,21.028,2.722,51.878,8.967,5.587,4.178,63.752,sat
55199d55fa9c3751a525d6c0a0e649bd,34.731,49.861,40.359,38.99,55.681,62.881,36.502,23.102,44.949,unsat
556cf803f9de4b2ec688825b5ff7e325,10000.0,0.059,0.031,0.032,0.064,0.063,10000.0,10000.0,0.032,unsat
5690b9b0380aa9508699e56cae5918b5,46.732,7.433,8.211,1.208,0.249,0.233,1064.102,19.455,32.325,sat
573cc82ec61e01fd6e6308493ee56289,328.878,351.129,57.682,243.272,43.653,45.145,455.181,176.886,51.887,unsat
576ebc1333f2c466c2dec98792721e1f,23.877,7.552,4.42,6.988,5.218,17.393,42.898,46.931,7.803,sat
57f4ea7ab160d996e38e69fac59869c4,7.685,13.747,14.116,14.633,18.289,21.765,9.8,10.283,18.312,unsat
5865fb9a6575d2ae6542c36ab96646a9,6.242,26.061,13.615,129.98,46.634,29.695,5.306,1.88,25.419,sat
5952b9f18b73dabb531c60e3ac85d26f,68.952,85.444,60.121,61.935,93.924,104.998,96.073,68.75,72.992,unsat
59825ed96dc3bbdbd8789a4870b323ec,136.774,1196.462,10000.0,10000.0,147.364,230.301,388.475,807.058,1607.928,sat
5a068ba62fe30e435a76e2ec80896ef4,10000.0,10000.0,10000.0,10000.0,10000.0,10000.0,10000.0,10000.0,10000.0,unknown
5ab3040d8617bf9f4d4cef4e56dcfd03,326.105,388.793,381.849,503.344,322.569,316.755,466.497,318.867,387.946,unsat
5b0f16de2c5419b80b608db37d07d994,150.035,105.046,86.914,86.989,110.109,107.43,91.678,100.279,93.592,unsat
5b5dfab02ce5c12a50be3bc7d7cc42c7,765.234,24.915,10.932,871.507,592.196,169.119,75.981,441.928,57.55,sat
5cb1ca8fe8a9d9125ea9accd498445f1,21.344,38.636,30.249,27.17,37.007,40.851,19.419,12.382,36.644,unsat
5e1c11b77cdf3717b81b957120f0f477,5.4,6.752,37.545,5.534,3.704,5.429,6.478,9.86,126.003,sat
5e5fe73a2e0ffc8e19873298566919fb,64.901,238.88,31.482,7.376,180.419,30.818,25.832,10.426,64.496,sat
5ea72bcdccc86bd1a924029f7b81aec5,13.705,12.818,10.846,15.472,19.302,36.966,27.106,21.305,16.515,sat
5ee7de2bd112aa39485e79c9d487bf8f,0.898,301.206,315.887,305.068,496.346,521.406,1.172,1.102,301.977,sat
6008b958ff6877f32c26b72728df4523,176.072,375.643,219.999,260.189,43.498,45.499,623.471,184.767,35.171,unsat
6077d4e5f755124ddc84068d6ccb630f,1121.885,823.141,462.699,525.263,459.512,627.975,322.975,781.761,567.408,unsat
61069e0e3339af80000b774a041b7d96,36.116,251.871,52.13,56.476,57.424,53.043,55.74,42.43,56.962,unsat
62dcbf79f5ecef5618c9d9a00311326c,35.918,68.329,60.463,57.815,107.743,110.146,50.19,125.703,69.054,unsat
634a271f5fe339007a186539d615e92f,2663.83,722.06,239.628,10000.0,12.618,11.204,433.503,200.787,127.102,sat
63732c330adb8de8dd47ce1693b86d0e,730.602,684.731,512.196,454.654,562.154,552.923,737.619,547.074,479.892,unsat
6543793076c30fc7cdfa5a3c819cedc7,10000.0,1156.252,964.482,975.683,969.272,872.307,434.645,649.655,895.745,unsat
65c5a5d228ec5e52d1a72f918086f584,294.397,227.357,21.018,31.027,79.154,76.111,64.333,25.197,17.559,sat
67b4844c4bfbaf961cbbd79b953aa5c2,81.126,80.9,64.082,76.154,104.473,120.598,50.557,33.203,79.876,unsat
67c533489a498495525efee429340958,10000.0,10000.0,10000.0,10000.0,10000.0,10000.0,10000.0,10000.0,10000.0,unknown
695e287a447fcdd924985a6e73057a38,10000.0,10000.0,10000.0,10000.0,10000.0,10000.0,10000.0,372.796,2518.292,sat
6969c86fbc5814332ab8615031334fa8,33.323,300.944,44.124,184.353,38.79,10.648,65.48,16.89,205.054,sat
697c96ac45534726c7dbd96faa11a86a,1.387,17.86,15.321,44.8,32.025,61.071,11.805,88.348,38.335,sat
69e34d0f49c71a7e145d8104ebe0273f,232.657,576.219,182.9,230.462,223.448,223.386,472.0,275.245,173.855,unsat
6a674acad2aeac729ecb39ad9e4a2298,10000.0,10000.0,10000.0,10000.0,10000.0,10000.0,10000.0,10000.0,10000.0,unknown
6add7e416c1126607afeb2666af330ac,11.186,220.794,18.11,19.025,18.181,16.564,20.024,14.494,18.172,unsat
6c52aca5b5fd284bf1940b84df90a367,4.255,11.535,8.382,8.575,7.34,7.255,28.432,9.526,7.04,unsat
6f0e236c999de0a5e3c46fd3463b1d0d,258.023,88.063,191.058,224.502,186.843,176.592,948.066,260.62,175.253,unsat
6f4df706246d29bf38adadd274fadab3,166.012,204.072,126.763,121.217,178.288,177.952,73.246,40.202,127.339,unsat
6f7a0e1cf94b6b26eafc08a827a692ce,5.664,210.013,30.93,15.814,21.619,25.761,29.913,21.203,34.857,sat
6fc528fc3d0fd5a2c50992feb8bf0357,438.788,374.098,206.12,478.961,1180.404,521.142,3571.21,242.553,1115.08,sat
7083b70c1976162e2693d7a493717ffd,1.58,0.997,0.204,45.588,0.283,0.159,2.376,7.984,1.106,sat
70bfbd054dc9ffd394fab32845b492d3,22.971,257.267,38.38,51.128,51.221,50.8,78.665,42.733,58.704,sat
70ef2b6bdc4101a0e35cf3d165571fe3,1.055,23.365,1.649,1.735,6.785,2.867,7.411,1.275,0.911,sat
71a3dd6156463c0c55c4b38394faa753,28.356,205.578,18.659,11.59,9.557,17.242,24.136,10.136,29.315,sat
71ec94c233016219e12d671594dc88e5,985.847,583.408,316.119,907.444,239.28,158.946,168.381,143.915,496.49,sat
72c0d81e16d91bcaed808efcde2e5069,539.152,327.343,367.238,421.341,0.446,0.361,470.67,38.338,189.972,sat
7429e380834066c206394139c9e1e17d,11.165,204.649,6.75,7.152,6.761,10.307,20.833,4.568,3.011,sat
74f145bb935650f5c982d7eec6967945,10000.0,890.055,10000.0,10000.0,10000.0,10000.0,2658.141,10000.0,10000.0,sat
761651d4b6454108403bdefe22720fb3,87.944,317.429,108.735,102.53,133.305,118.827,98.067,71.843,123.109,unsat
768956cc8d1f2d18ae1929f6bb26557a,3496.731,10000.0,10000.0,10000.0,4521.505,10000.0,492.139,3902.494,10000.0,unsat
773f3bd29e202ff700d8b5b459857a2c,535.865,384.102,336.199,1034.938,1.025,0.83,925.92,81.789,373.119,sat
778e0fd8f034b7cfd539b1b523ed4c4a,896.215,1473.149,1144.275,10000.0,1149.196,1242.515,876.891,1090.65,1259.828,unsat
77b7f7bbf75faaee28f473b9941de103,1839.523,905.85,426.568,10000.0,1.088,4.134,1372.523,177.219,1019.771,sat
792495b57d6145fd21d7076eab2ab06a,62.661,174.888,126.42,190.875,89.741,78.625,96.873,95.866,147.057,unsat
79b9e24dd9af185dbec18c9b0a32b1e2,7.006,18.385,15.538,18.877,12.673,11.135,23.84,16.992,8.47,sat
7ac7fabd8c078aea420087a0c80e5563,77.896,252.945,69.993,89.545,53.19,62.912,124.126,116.695,60.301,sat
7b48f9354d25521bd542d859c0ecdde9,2929.729,1809.389,10000.0,10000.0,2131.036,2226.942,1601.204,1079.345,1871.747,unsat
7b9d8b9b31b530effd634f5a8f1f4411,17.654,30.829,23.241,21.58,28.569,26.203,17.818,10.012,26.737,unsat
7cbc3ce2052ba7c5b501f75af58ab3c4,1.6,291.479,299.047,300.63,559.511,553.277,1.071,0.973,288.935,sat
7db30d12cb06f0dc2f30abff80d96d6a,10000.0,10000.0,10000.0,10000.0,10000.0,10000.0,10000.0,10000.0,10000.0,unknown
7dc0e1b5fedbd8351907f1316b58e68f,10000.0,10000.0,10000.0,10000.0,10000.0,10000.0,10000.0,10000.0,10000.0,unknown
7e1d279559b202016e5797901e731a39,1.875,329.657,338.911,341.158,716.24,737.269,1.189,1.066,340.816,sat
7f1c7da531539f3be4a1e0e916913086,25.363,12.133,13.435,12.762,11.533,11.123,22.185,78.299,12.323,unsat
7f2b4b2bde9b866b93fbfe01341213da,37.174,208.083,260.401,241.348,50.544,43.34,144.766,34.018,200.564,unsat
7f7109dce621ef361a72b3e8cee9a962,0.37,0.354,0.303,0.313,0.619,0.659,1.871,1.479,1.001,unsat
7fb202a51c0223f3119887a57086ca4d,11.759,21.358,16.322,16.741,28.685,30.319,12.979,18.694,21.219,unsat
7fca438c38e5b7a70e38778ec146cfe0,219.83,235.671,185.462,174.386,318.113,350.83,192.914,211.613,210.918,unsat
812926407774771b3bd9885f7bfa4841,771.989,341.894,75.049,10000.0,261.338,264.211,128.53,79.631,62.793,sat
82d9e8d2cfea101dfe52c8359b7bb163,69.301,247.759,43.411,45.921,65.304,72.255,62.48,78.645,50.784,unsat
83b330c934d6dd35d56e1b1ca3638b3c,5.467,3.356,3.228,6.798,3.074,9.329,21.647,6.344,3.106,sat
83dc8f675657b3e6d148ef5cf897fb82,278.288,675.274,420.021,304.594,725.288,944.463,316.306,207.872,384.183,unsat
84c6d7e4a18aacf166105aaa3cd6e3de,352.579,319.493,74.261,10000.0,284.785,290.854,434.356,118.786,61.821,sat
8530c911b75ab1b276042043d118a875,10.068,216.303,14.481,14.648,16.658,15.926,17.5,12.692,17.549,unsat
8704094951693f99fd21403a039c8131,116.939,87.0,63.166,75.222,14.244,26.071,57.72,81.251,39.633,unsat
878bcc11e1e243680f7946bcf428f465,60.273,205.775,34.414,41.189,17.775,16.94,29.012,92.818,11.968,unsat
88d151d4e3c6ba9bd78454de141cd108,163.221,177.196,98.492,93.565,91.273,85.013,282.93,117.913,128.301,unsat
88e89266e58f1f125ebc4e0f66e2c060,548.847,256.042,42.543,61.798,347.685,162.98,168.44,49.024,35.049,sat
8942dca5dc0876fc3f723f738d72de1c,921.339,745.591,104.414,501.499,415.486,374.224,141.544,102.272,597.072,sat
897acc1858ce0887f286aba5c0d56d71,13.872,10000.0,10000.0,10000.0,24.681,137.734,13.075,10000.0,10000.0,sat
8b18bb75459a4161633ba2a3c8ee183e,9.726,41.279,10.117,2.121,8.267,0.177,5.884,2.176,18.62,sat
8b31606e10656ff7eb2936262b647443,2.414,137.775,0.538,1.461,2.151,1.745,6.385,0.93,0.432,sat
8b91c5bf4dfd87ffb46c5ef88a3ef1cd,773.767,697.447,593.245,685.715,574.237,531.845,425.353,488.318,721.726,unsat
8bf63d50ebdb645b75a24370b8f94d31,352.235,196.933,112.833,111.896,208.653,222.386,308.081,116.294,139.558,unsat
8d2dfc50c1759dc11a6564d5c368c6df,10000.0,499.909,10000.0,10000.0,3835.733,3435.876,1174.982,10000.0,382.089,unsat
8d4b50ec0cf99097e9ab0835937afee5,10000.0,10000.0,10000.0,10000.0,10000.0,10000.0,10000.0,10000.0,10000.0,unknown
8e720686372c5037f30b4fc7b1c71d48,5.646,201.6,2.741,2.275,2.379,3.266,3.302,3.176,2.704,sat
8ffd718f763ed7a3f691cf46e57f8d98,38.513,91.529,267.132,338.398,26.061,106.542,156.449,13.687,87.168,sat
907e7dc703e16ad2c7e56a33fe3b3e5f,22.279,44.176,47.152,50.393,34.87,30.158,76.369,61.345,43.678,unsat
912ce8c21d8fb8abc491cb205ec23e9f,10000.0,10000.0,10000.0,10000.0,10000.0,10000.0,4589.237,10000.0,10000.0,unsat
915a25bd189357e4c6d7771b69a6849f,10.49,23.76,22.224,19.644,34.181,36.158,13.688,20.392,27.227,unsat
91e0db01b254eb78f6643328045bfeb9,10000.0,14.567,2.949,6.001,783.144,126.66,3935.018,328.967,22.559,sat
9276ce38c625b2d00de247f8588f1542,2.279,4.076,1.029,5.579,1.211,0.749,14.798,7.183,3.023,sat
94571e8a1081385029d1ecd53ffcdf8e,158.871,271.597,70.449,78.545,132.652,133.25,113.003,138.82,75.16,unsat
94dd280b1562ee7dae44b303b8fed233,10000.0,10000.0,10000.0,10000.0,10000.0,10000.0,10000.0,10000.0,10000.0,unknown
96a6796405061571e12d383efe27b703,28.664,44.462,37.859,35.282,63.074,70.317,25.4,18.705,45.15,unsat
973d699ec01b88da869233a79aaa1912,10000.0,10000.0,10000.0,10000.0,10000.0,10000.0,3667.733,10000.0,10000.0,unsat
9777418f75e1dfbd7d34e9b0ba4bf0b5,509.794,2648.206,10000.0,10000.0,1085.592,1239.527,510.997,919.3,1015.842,unsat
994783ef4ed3a0366842e1b6f9128a6f,285.134,60.894,66.574,37.898,21.312,10.152,247.694,68.733,308.927,sat
9a06700729bf3426beb8a62040f92960,10000.0,10000.0,10000.0,10000.0,10000.0,10000.0,10000.0,10000.0,10000.0,unknown
9cd3acdb765c15163bc239ae3a57f880,4.621,10.226,6.695,8.315,8.855,8.296,11.591,10.794,6.833,unsat
9d9c4fa425282759eb9e98b82fb5f56e,2.743,13.057,25.335,5.731,84.394,20.048,176.884,4.547,90.173,sat
9dcbf221b8d2bb01f30bcca283f3608d,26.847,22.876,20.237,26.065,13.074,24.596,48.861,25.193,17.338,sat
9e6c2e7b0d6f58e449716deb9305525a,10000.0,2451.652,10000.0,10000.0,1147.382,1535.322,494.023,699.784,3794.102,sat
9e749596a8de36d8ab706c96cf128455,66.585,60.768,47.367,59.737,54.211,67.394,40.036,30.706,53.757,unsat
9e85aad5707405fb349c6c5548040cf4,57.299,897.936,760.082,48.94,326.002,158.891,660.939,340.357,1034.011,sat
a08e66296d00f480e9ccadd79fa8b904,55.723,12.216,4.273,10.943,13.755,17.744,68.308,28.751,15.07,sat
a14d9ee17051ec08a4334ba43089502c,711.478,315.903,75.172,10000.0,233.825,239.323,398.577,72.977,63.085,sat
a38affaa741c958fc32769d5fe89b06c,1.419,3.208,0.625,0.745,0.282,1.637,1.473,0.772,5.428,sat
a45a0358685867bd4f1c7f7c0b0e379c,1.381,2.544,2.309,2.925,3.221,0.617,14.381,0.872,13.114,sat
a5419a63d913bde0ba5bcd8a8571342f,95.523,422.305,435.534,675.853,129.745,100.378,226.754,70.47,457.107,unsat
a552a058e6376a36b1f1b2724f228364,145.411,167.854,135.809,181.514,150.668,191.493,201.913,72.339,149.971,unsat
a58b8a5eb61d3110d9fa36a03de588d2,18.469,35.918,21.544,21.071,40.675,38.55,20.895,13.285,25.739,unsat
a5dc6226e4c0bebb06926efe55640995,10000.0,10000.0,10000.0,10000.0,1068.364,716.726,1023.92,646.612,10000.0,sat
a5fc113e7d4899f4e4af14b87b6fd6ae,830.435,507.471,334.565,268.75,250.372,231.947,517.756,389.018,377.095,unsat
a6ed647f85f20be4aedd1e9ce31cbdcd,10000.0,10000.0,10000.0,10000.0,10000.0,10000.0,10000.0,10000.0,10000.0,unknown
a917b02a7c31e74c8ccf8b8f001abf37,10000.0,10000.0,10000.0,10000.0,10000.0,10000.0,10000.0,10000.0,10000.0,unknown
a9cb77454c6cfdf4092fb304d3aae8b7,318.372,94.527,67.769,177.432,156.15,100.148,53.018,11.235,90.866,sat
aa39c6d885d283a085d033ab7b89f8c8,53.359,57.773,43.841,30.255,41.216,33.678,32.407,203.779,40.727,unsat
aa6e6f67719ca43aef922f2ebabc409a,10000.0,10000.0,10000.0,10000.0,10000.0,10000.0,10000.0,10000.0,10000.0,unknown
aa9b67fd19d54ad51b93ee4ba5dc75fc,125.579,99.217,164.266,148.211,234.295,201.182,65.033,129.192,200.151,unsat
aaa3654cc92d80da84ecf5d18040c634,140.63,349.498,35.808,83.488,32.014,28.948,80.474,139.938,30.203,unsat
aacfb8797097f698d14337d3a04f3065,5.237,201.443,1.705,1.888,2.227,2.181,3.494,1.782,1.594,unsat
ab3438b504b296fcee78ec9e71969863,10000.0,208.324,33.244,10000.0,319.295,548.093,102.229,2716.815,3256.445,sat
ac347c21ca0759079c0be9a758e4e924,10000.0,10000.0,10000.0,10000.0,10000.0,10000.0,10000.0,10000.0,10000.0,unknown
aceab5a3452e2901e645065bda3e8847,684.667,291.733,68.162,10000.0,237.354,227.047,114.28,71.512,293.93,sat
ad4e151d80c7012d88dd79bcfceaade5,2.596,7.746,6.011,5.925,8.571,8.229,5.978,5.184,6.707,unsat
adf6dacdd64c93f9de1aa0eadf427faa,6.441,13.183,10.555,11.577,9.663,9.66,21.79,10.625,11.424,sat
ae9522ea003ea9f75891b2d37a5e264b,1.872,130.452,0.295,0.322,0.349,0.352,1.369,0.69,0.287,sat
af05a6b68a1cff165b684d9ff0ae3b3b,7.242,11.557,18.538,25.263,37.467,75.468,27.599,5.374,181.539,sat
af750c18578d52e60472315692ad83c0,5.066,204.155,2.706,3.059,3.261,3.407,5.143,2.953,2.658,sat
b087c195e5b7bb191d3a701aa0aa8cf1,10000.0,10000.0,10000.0,10000.0,10000.0,10000.0,10000.0,10000.0,10000.0,unknown
b11374f7fe60b9a63fbfde24b1a0a439,119.698,132.927,105.918,117.894,121.46,139.171,84.961,50.726,121.808,unsat
b172b4c218f1e44e205575d2b51e82c4,1176.252,1833.622,10000.0,10000.0,2089.122,2079.714,953.774,436.776,1902.037,unsat
b3167d999edd81291f33636464f2f8e6,10000.0,2902.001,10000.0,10000.0,3.437,7.481,10000.0,336.703,629.632,sat
b3c587501567db72e6e66c6930cf15ed,1183.051,155.452,236.957,382.828,647.09,558.417,933.459,942.95,263.543,unsat
b3f53d4c67b234d27e21f5e56bfd39e8,293.232,104.438,136.149,197.457,105.351,122.262,163.824,271.619,118.402,unsat
b44ea915362c3a140269003d45b1d053,4.787,3.348,9.416,4.329,6.965,0.789,4.984,2.675,8.207,sat
b4b41b2ff14427e5715cb9bee06d4602,9.672,141.776,10.165,10.694,11.349,12.146,14.795,11.402,11.63,unsat
b5028686db9bd1073fa09cbd8c805f47,59.689,53.206,27.284,49.652,17.748,65.014,21.898,13.1,22.442,unsat
b68ae7866df5e852c3acb97a46da2faf,22.215,22.663,25.717,27.061,24.2,23.297,53.635,17.145,30.276,sat
b7273af3d468ea2595f11a6dbd6ef6ce,50.328,60.289,59.664,57.2,88.692,88.437,41.027,66.63,75.859,unsat
b76fa2f50a42120ec54fa98c29113326,10000.0,1264.774,10000.0,10000.0,1962.28,1528.757,1944.231,3048.681,1374.315,unsat
b8c7c777e76995e5bf7b517f2db234ba,24.257,8.454,6.214,8.64,1.673,0.784,9.775,15.596,12.517,sat
b8f5fc2425facb3aec52a665f32a500c,39.492,154.34,155.227,237.118,37.371,38.469,126.531,32.907,231.376,unsat
bb591c6447fb6b4180f6d288eb2ff62a,48.51,98.418,92.203,82.845,78.968,77.399,64.525,57.718,96.979,unsat
bbfe2b27182d2ee7fefdb557f458ac9c,10000.0,10000.0,10000.0,10000.0,10000.0,10000.0,10000.0,10000.0,10000.0,unknown
bbfed8974655bca520259deb10d2347b,2.748,0.238,1.303,2.122,0.559,1.713,3.884,2.173,2.202,sat
bd12a2b66110451b050bd5d2943b1854,10000.0,4782.567,10000.0,1176.913,3907.38,2031.93,10000.0,1752.817,743.476,sat
bd19da88800086971e554e9d66bc641d,16.867,33.858,24.947,24.277,48.16,57.829,17.604,10.982,31.346,unsat
bd8bc25be2b36c64b38459c17e815814,23.738,16.676,12.523,12.859,10.668,11.694,14.884,23.301,15.417,unsat
bdcdb52d16f87ea20f091ca4b0b6a36f,125.418,82.336,74.903,72.067,100.024,92.618,77.568,101.259,85.385,unsat
be18894105e006399cc018abc14b204f,178.334,205.195,12.943,46.685,11.947,30.753,72.753,70.931,56.857,sat
be6411f4784a3c879886dda807cdc607,2.939,3.067,1.292,1.461,3.266,7.902,5.635,1.125,4.28,sat
bfadd34e71516e95d0ba2a3a8fb2ba03,3088.361,760.369,10000.0,10000.0,1662.229,2380.716,3645.519,2154.99,1715.748,unsat
c0293283432a9b15cd743702163f5184,1.761,1.619,0.719,8.293,1.116,3.827,2.252,1.977,0.471,sat
c03f7f84f6ac9e523c17e391c3895183,161.425,266.79,99.927,76.758,32.37,34.287,186.649,69.587,82.937,unsat
c0e6e6eeebd48ca600cfc7d662fa804c,51.954,75.998,56.06,53.39,144.33,114.589,37.018,56.93,65.552,unsat
c214f1eb2576af00e3fb09f7d0305764,427.378,274.044,55.437,77.146,191.172,184.411,218.462,55.016,46.507,sat
c21cea390a50204944aa00babd56b53c,377.917,242.553,104.16,245.136,36.843,34.249,92.593,212.094,45.865,unsat
c2bfe541b7cff948fa3193e9ca0eddee,23.314,4.077,14.295,5.115,1.107,18.007,20.912,19.82,0.36,sat
c3e53c353f30d9e2eb54ed93d6ce4f02,7.957,15.454,15.72,15.139,22.185,20.021,10.399,12.183,18.216,unsat
c5a98231dd54cbca06135293bb7e1985,67.189,41.483,50.155,50.688,89.896,29.166,7.405,7.188,68.856,sat
c5ae0ec49de0959cd14431ce851c14f8,17.465,42.914,18.662,2.473,5.649,51.11,24.239,15.981,21.752,sat
c6568fc8805127e876c4c23551bf49fa,30.854,41.775,45.95,41.482,80.366,65.473,33.504,37.218,54.746,unsat
c69c5163c9087ffe770743bd4cdafcc9,10000.0,0.057,0.029,0.031,0.065,0.058,10000.0,10000.0,0.031,unsat
c6e03256680b96b52e3345a497333c2b,20.683,71.678,69.062,71.41,59.693,57.15,36.006,39.308,69.345,unsat
c73edc350cfa8e07af58db50054aea45,75.862,25.77,408.877,206.662,6.0,6.113,690.841,70.917,18.22,sat
c76f3c6c2e2eae85fc5f3d499f3db88d,29.195,21.917,38.653,35.689,65.01,65.638,60.82,42.73,40.836,unsat
c801a020a6c8bc3c287fea495203b114,0.037,0.188,0.106,0.117,0.111,0.114,1.167,0.672,0.105,sat
c82eee3badbc8432dad72d1d575a0ea6,39.209,1.621,40.334,28.424,7.843,44.648,98.677,32.212,122.837,sat
c8b129b9e4835b8a40d5ef0d27a45bef,122.014,464.158,159.314,272.186,47.459,43.265,335.673,244.692,71.046,unsat
c8e64404361f2426490d39459832c66a,41.354,212.032,9.035,13.423,29.678,29.903,46.176,12.126,7.652,sat
c9f511adbb3d6e1b37b410f972f270c6,45.41,225.836,26.166,31.918,46.217,38.736,45.148,53.75,28.617,unsat
ca14adcb9296a7b31d7815c2ed16d0f1,0.128,3.368,0.356,0.414,0.429,0.448,1.563,0.672,0.336,sat
cb2e8b7fada420c5046f587ea754d052,13.752,0.541,6.607,9.824,5.023,4.131,133.191,161.801,6.203,unsat
cc30e4eedbcf9c3bc110894d08781246,10000.0,3629.433,10000.0,10000.0,10000.0,10000.0,2304.618,2452.152,2956.044,unsat
cccee4b0d4c70a5d5422663e2d8887da,393.156,109.467,96.087,57.16,31.356,233.663,2775.545,154.095,97.679,sat
cd33a862b81ba7b887845d3510c41c62,1430.533,43.632,29.86,10.593,88.228,142.346,365.242,157.07,153.127,sat
cd361d33986dccd7f2d86016d6c35241,119.301,76.44,93.135,93.249,82.843,80.295,141.301,186.031,78.225,sat
cdce6277b01ae06ddb95468c5f05de71,0.572,283.032,286.046,287.248,403.089,415.906,0.969,3.183,281.801,sat
cdd131110acc861a5a01fae6c4936c91,94.885,494.346,13.319,10000.0,77.267,13.972,22.103,98.662,7.983,sat
d02fae1e84cfbe799c792ba237f08f66,158.609,195.479,159.046,301.741,242.999,249.271,644.398,210.375,141.507,sat
d11944fbca2dd6540f18bd05b6ccda0c,1286.653,108.533,121.816,761.193,10000.0,416.105,123.797,1070.23,117.585,sat
d1940d3d830eb16a7d2270ca4af4acba,12.253,27.671,3.609,4.024,2.245,5.257,46.015,18.887,6.407,sat
d195412a62cdcbb851136f60af76f463,11.601,22.956,21.226,18.643,44.591,31.672,16.186,19.191,25.221,unsat
d3893e43819a907055a84e48a6ee97ba,158.974,10000.0,10000.0,10000.0,10000.0,10000.0,3.776,13.997,332.37,sat
d40a68825bdbcdd7642b249325a7b6a2,402.288,494.896,622.722,423.643,0.448,0.582,799.718,46.334,364.713,sat
d5f6b2092795aad67d1df1fd3a329552,382.701,194.638,145.583,145.95,257.578,260.23,80.641,51.825,155.556,unsat
d7627176604d5b86f34d2f5d14d8ee99,10000.0,10000.0,0.102,0.103,0.151,0.148,10000.0,10000.0,0.101,unsat
d7dbb2cba940af33b2bce37ea99b8110,91.973,87.883,104.324,115.764,70.382,69.178,256.237,31.907,85.757,unsat
d7f2e4ec8e631387c928c79e1054c663,123.943,147.545,110.218,118.297,163.794,194.979,88.075,50.119,126.905,unsat
da929c2aefde5e59878ad87c4323e581,10000.0,10000.0,10000.0,10000.0,902.308,10000.0,10000.0,4533.843,1247.203,sat
dacb03ea801d459ef08db23a8b1d104f,2336.556,1517.039,10000.0,10000.0,1664.489,1446.735,1064.485,1505.637,1830.826,unsat
dafc03ea784fee849febca7b64230558,239.916,127.697,395.726,445.635,301.023,275.391,590.937,537.335,374.769,unsat
db15a85651e0d941a11bf8640625edd8,1887.27,157.288,10000.0,883.669,797.941,1051.19,866.193,10000.0,2870.845,sat
dc7817dfa2817916b266c1cfacd2ee66,33.579,45.946,27.99,20.062,46.446,20.322,39.102,27.726,35.474,unsat
dcf5b8224d1e0748871c83ee10067255,10000.0,10000.0,10000.0,10000.0,10000.0,10000.0,10000.0,10000.0,10000.0,unknown
dd57f6ebf07a7f932a82bed1877788e6,37.144,40.99,39.061,34.11,45.187,40.403,36.514,38.719,40.744,unsat
dd5fc8da5454a990a0e7999884158c64,5.021,10.703,8.779,8.682,7.572,7.745,26.418,9.997,9.041,unsat
dd7164f2592c9675618c5c99af9b70f3,10000.0,10000.0,10000.0,10000.0,10000.0,10000.0,10000.0,10000.0,10000.0,unknown
ddc0720fa5a91d9cc0dc726644ab9e9f,1.327,0.964,1.12,1.446,0.797,0.846,3.575,1.478,1.116,unsat
de7a6b03999e2bc5bd750831c2662a4d,29.647,20.664,3.213,39.285,5.039,1.202,115.171,29.395,20.223,sat
ded23680dfeab2879c05bc0e4de21126,10.789,16.254,17.324,15.642,31.948,28.59,12.386,13.184,21.22,unsat
df1bd67978b9b0ec1d326ba174bc273c,202.81,34.373,8.115,9.834,59.626,42.837,40.915,46.81,65.857,sat
e067414e153ee98a7842bd6d6dafeee5,7.591,215.432,44.219,15.415,50.61,27.882,92.275,21.65,10.723,sat
e06be7a69dbd6d6866a2799cd40c4bfe,10000.0,10000.0,10000.0,10000.0,10000.0,10000.0,10000.0,10000.0,10000.0,unknown
e08f11f0a3bd266ee5c78ce332de107f,27.984,50.989,40.346,35.868,98.588,97.827,27.597,49.319,50.243,unsat
e0bf26a7527cd162c7d3016d4b2ab9fb,10.591,103.496,4.742,37.514,12.4,15.119,26.323,12.884,21.032,sat
e2deb375e56da2360ecd08fc1179fb7d,892.927,435.887,101.561,110.185,185.424,87.413,154.673,138.411,138.928,sat
e371cd7cdde3e7ccb9834290fd4a92d0,1430.603,310.142,73.413,10000.0,539.282,253.678,300.452,89.49,61.085,sat
e38601380bfbab35dd8c5927283533fb,406.574,194.232,172.308,177.934,252.857,228.473,178.184,231.283,196.367,unsat
e481a97a93fd6b4303f39024d19c2867,20.164,6.805,5.006,4.981,14.039,5.544,60.954,17.062,4.487,sat
e6cdc2687fa53506021f05b60ad0c6a2,1.596,4.186,2.533,0.949,5.916,2.164,4.591,2.093,3.127,sat
e7248b57a310ad461924eb17956cdf3a,10000.0,1570.913,10000.0,10000.0,30.476,89.398,10000.0,208.82,2404.589,sat
e84b00b1f134e0e071a2baf54cfc90e8,30.253,34.883,20.569,16.983,34.022,32.464,16.484,9.681,23.763,unsat
e85e793a66a2c9d390f40acf29a5346b,10000.0,10000.0,10000.0,10000.0,10000.0,10000.0,10000.0,10000.0,10000.0,unknown
e85fb114c33f450dc2622c78bc6fa019,598.081,278.419,59.056,83.739,207.838,208.59,99.18,61.635,48.669,sat
e8abb9c83efdd96a99990f3b914ea873,190.562,259.08,25.005,60.06,27.762,24.302,64.448,124.417,81.993,unsat
e99e266b422513a2898c13898a1de501,3.831,18.323,1.45,6.38,25.223,0.684,8.082,1.273,9.152,sat
ea827f81bd0e9735739adc0d9da1b446,115.853,252.408,75.972,85.235,127.717,157.935,44.528,55.025,79.849,unsat
ec84eecb124c63d4757e083dd0e5a9ff,13.617,33.354,21.321,28.557,26.447,25.029,81.255,47.71,39.628,unsat
ecca77b5350eca6a4323edd5b38208c6,18.552,16.335,6.176,77.12,32.158,27.413,91.263,12.291,34.581,sat
eda4aa84aeeb306468396fa82a6bba5a,11.191,7.854,14.098,8.482,19.823,25.168,21.312,11.286,13.123,sat
edceb8782e72e290fa54757dbfdd0173,6.395,12.351,13.719,12.132,18.906,21.037,9.6,12.182,14.716,unsat
eddd68e14d69cce7190b99f4e7abdafb,9.194,1.145,3.406,1.923,0.154,4.631,2.783,2.492,1.903,sat
ee57608ea4b74f25aebca809d59711c9,10000.0,1464.323,10000.0,1511.598,1124.368,1714.27,466.754,1041.296,1175.814,unsat
eed5189b73738270ae3fdb8b33bf31c8,980.992,179.436,705.313,848.379,2.588,2.682,810.451,120.112,444.582,sat
ef16970ab9da31165d3c401ff9b29168,3144.223,1153.521,10000.0,10000.0,2.67,5.175,10000.0,177.97,1061.462,sat
ef330d1b144055436a2d576601191ea5,0.903,0.929,1.004,1.228,0.461,0.692,2.032,1.375,0.701,unsat
f0426369f61595aee97055965ee7e6a3,10000.0,10000.0,10000.0,10000.0,10000.0,10000.0,10000.0,10000.0,10000.0,unknown
f054205a7cef98e5021016f864c69816,3.34,3.971,3.687,2.961,2.748,4.787,11.697,2.286,4.466,sat
f15ad4206d95a3f8f1358b33301539be,79.423,229.218,48.79,44.961,101.241,103.492,41.807,34.72,52.782,unsat
f16b7329ef5728f722c291156b3b098e,114.78,267.424,68.683,70.141,131.802,120.082,95.055,112.389,71.127,unsat
f18c7c7b8666458fd04ea7a253ae1e20,268.108,29.526,52.944,60.25,54.228,61.95,52.025,286.716,26.396,unsat
f296fe701a562022c0de0cf565fbca7d,3.283,8.445,7.212,7.039,10.516,10.423,6.382,5.681,7.708,unsat
f32bb347996c351bc3e9a91c58e8601d,47.312,44.131,32.487,75.34,6.449,34.299,140.64,20.241,6.63,sat
f376d4c191518ed704326960b6b19a4b,31.813,56.887,50.756,50.085,73.4,70.797,28.491,51.218,69.858,unsat
f45e5faf1bcccbdd3065dd6367c3bd16,39.483,47.381,52.055,41.986,78.69,89.742,28.596,50.416,58.148,unsat
f48735588e3515135f039e8bc8efaee5,9.517,225.947,89.537,281.737,26.829,47.831,73.668,16.989,328.422,sat
f50eaf02a8041510b64104998cc81d2f,4.71,7.157,1.77,0.518,3.185,6.568,7.385,3.406,1.654,sat
f54b352934be08821aa75b3424112956,140.682,284.391,22.131,56.846,21.698,24.107,42.833,118.409,26.755,unsat
f561c52b987bdb9031a477864070b759,8.032,2.876,1.925,3.062,1.068,1.74,42.296,13.189,0.616,sat
f70788e8446c1bc42684316de0a6c164,10000.0,10000.0,10000.0,10000.0,10000.0,10000.0,10000.0,10000.0,10000.0,unknown
f746dae2050dd4aa48bcd53e8bd897b4,52.219,39.653,4.733,29.617,28.934,23.251,10.844,14.983,9.895,sat
f7e855b18105170b0718086d3f5b5923,68.825,12.763,15.107,30.098,15.65,14.253,25.633,12.178,18.99,sat
f8443057c188f6c9cfb711ff3d4aa6ff,19.652,220.805,19.367,18.917,22.96,21.86,24.197,16.699,21.167,unsat
f86dad4ba35369eb720a0c9ddc45037a,3.982,1.671,0.734,1.268,1.711,2.238,4.075,2.778,1.026,sat
fa50d69adc71fe4daf7f9088cd02864a,2384.832,367.929,10000.0,10000.0,10000.0,10000.0,10000.0,10000.0,556.759,sat
fa5c6d6736a42650656c5bc018413254,10000.0,10000.0,10000.0,10000.0,10000.0,10000.0,10000.0,10000.0,10000.0,unknown
fae08ac5b6d7eeb4f56f1cfac6c51703,100.664,101.094,87.571,88.271,144.091,147.187,109.184,73.635,92.742,unsat
fb0e505b8bd19a34f1f80b8e020e7856,13.34,215.068,13.936,15.08,15.928,13.861,18.199,13.897,15.871,unsat
fb45d41807bcbbbe689de282c1310798,10000.0,10000.0,10000.0,10000.0,10000.0,10000.0,10000.0,10000.0,10000.0,unknown
fb51311320bb42bdb893249998a77f40,9.353,49.497,17.574,16.738,22.14,21.376,19.987,13.695,21.354,unsat
ff9e9b01d50d01ecb6740472d7dd36cd,27.447,26.745,12.053,18.115,27.197,18.069,130.1,25.409,14.079,sat
